filename;status;reason;details;log_file
AC0850_S.jpg;conversion_failed;no_result;;AC0850_S_element_validation.log
AC0844_M.jpg;conversion_failed;no_result;;AC0844_M_element_validation.log
AC0841_S.jpg;conversion_failed;no_result;;AC0841_S_element_validation.log
AC0841_M.jpg;conversion_failed;no_result;;AC0841_M_element_validation.log
AC0862_S.jpg;conversion_failed;no_result;;AC0862_S_element_validation.log
AC0883_S.jpg;conversion_failed;no_result;;AC0883_S_element_validation.log
AC0884_L.jpg;conversion_failed;no_result;no_result_returned;AC0884_L_element_validation.log
AC0842_S.jpg;conversion_failed;no_result;;AC0842_S_element_validation.log
AC0884_M.jpg;conversion_failed;no_result;;AC0884_M_element_validation.log
AC0864_M.jpg;conversion_failed;no_result;;AC0864_M_element_validation.log
AC0840_L.jpg;conversion_failed;no_result;no_result_returned;AC0840_L_element_validation.log
AC0890_S.jpg;conversion_failed;no_result;no_result_returned;AC0890_S_element_validation.log
AC0890_L.jpg;conversion_failed;no_result;no_result_returned;AC0890_L_element_validation.log
AC0843_S.jpg;conversion_failed;no_result;no_result_returned;AC0843_S_element_validation.log
AC0883_L.jpg;conversion_failed;no_result;;AC0883_L_element_validation.log
AC0840_S.jpg;conversion_failed;no_result;no_result_returned;AC0840_S_element_validation.log
AC0850_L.jpg;conversion_failed;no_result;no_result_returned;AC0850_L_element_validation.log
AC0861_M.jpg;conversion_failed;no_result;no_result_returned;AC0861_M_element_validation.log
AC0864_L.jpg;conversion_failed;no_result;no_result_returned;AC0864_L_element_validation.log
AC0841_L.jpg;conversion_failed;no_result;no_result_returned;AC0841_L_element_validation.log
AC0843_L.jpg;conversion_failed;no_result;;AC0843_L_element_validation.log
AC0863_S.jpg;conversion_failed;no_result;;AC0863_S_element_validation.log
AC0862_L.jpg;conversion_failed;no_result;no_result_returned;AC0862_L_element_validation.log
AC0842_L.jpg;conversion_failed;no_result;no_result_returned;AC0842_L_element_validation.log
AC0863_L.jpg;conversion_failed;no_result;;AC0863_L_element_validation.log
AC0861_S.jpg;conversion_failed;no_result;no_result_returned;AC0861_S_element_validation.log
AC0844_L.jpg;conversion_failed;no_result;;AC0844_L_element_validation.log
AC0884_S.jpg;conversion_failed;no_result;;AC0884_S_element_validation.log
AC0843_M.jpg;conversion_failed;no_result;no_result_returned;AC0843_M_element_validation.log
AC0844_S.jpg;conversion_failed;no_result;;AC0844_S_element_validation.log
AC0890_M.jpg;conversion_failed;no_result;no_result_returned;AC0890_M_element_validation.log
AC0842_M.jpg;conversion_failed;no_result;no_result_returned;AC0842_M_element_validation.log
AC0861_L.jpg;conversion_failed;no_result;no_result_returned;AC0861_L_element_validation.log
AC0840_M.jpg;conversion_failed;no_result;;AC0840_M_element_validation.log
AC0862_M.jpg;conversion_failed;no_result;no_result_returned;AC0862_M_element_validation.log
AC0864_S.jpg;conversion_failed;no_result;;AC0864_S_element_validation.log
AC0863_M.jpg;conversion_failed;no_result;no_result_returned;AC0863_M_element_validation.log
AC0883_M.jpg;conversion_failed;no_result;;AC0883_M_element_validation.log
AC0850_M.jpg;conversion_failed;no_result;;AC0850_M_element_validation.log
