caller,callee
_runtime_modules,RuntimeModules
detect_relevant_regions,detect_relevant_regions_impl
annotate_image_regions,annotate_image_regions_impl
analyze_range,_runtime_modules
analyze_range,analyze_range_impl
analyze_range,annotate_image_regions
analyze_range,detect_relevant_regions
_clip,RuntimeError
_clip,_clip_scalar
_clip,clip
_clip,float
_clip,isinstance
abstand,float
abstand,hypot
build_oriented_kelle,Griff
build_oriented_kelle,Kelle
build_oriented_kelle,Kreis
build_oriented_kelle,Punkt
build_oriented_kelle,ValueError
build_oriented_kelle,float
build_oriented_kelle,lower
build_oriented_kelle,str
build_oriented_kelle,strip
load_grayscale_image,_import_with_vendored_fallback
load_grayscale_image,convert
load_grayscale_image,int
load_grayscale_image,load
load_grayscale_image,open
load_grayscale_image,range
_create_diff_image_without_cv2,Pixmap
_create_diff_image_without_cv2,RuntimeError
_create_diff_image_without_cv2,abs
_create_diff_image_without_cv2,bytearray
_create_diff_image_without_cv2,bytes
_create_diff_image_without_cv2,encode
_create_diff_image_without_cv2,float
_create_diff_image_without_cv2,get_pixmap
_create_diff_image_without_cv2,int
_create_diff_image_without_cv2,len
_create_diff_image_without_cv2,max
_create_diff_image_without_cv2,min
_create_diff_image_without_cv2,open
_create_diff_image_without_cv2,range
_create_diff_image_without_cv2,round
_create_diff_image_without_cv2,str
_compute_otsu_threshold,range
_compute_otsu_threshold,sum
_adaptive_threshold,len
_adaptive_threshold,max
_adaptive_threshold,min
_adaptive_threshold,range
_adaptive_threshold,sum
load_binary_image_with_mode,ValueError
load_binary_image_with_mode,_adaptive_threshold
load_binary_image_with_mode,_compute_otsu_threshold
load_binary_image_with_mode,load_grayscale_image
load_binary_image_with_mode,lower
load_binary_image_with_mode,str
render_candidate_mask,max
render_candidate_mask,range
_iou,len
_iou,range
score_candidate,_iou
score_candidate,len
score_candidate,render_candidate_mask
random_neighbor,Candidate
random_neighbor,max
random_neighbor,uniform
optimize_element,Random
optimize_element,max
optimize_element,random_neighbor
optimize_element,range
optimize_element,score_candidate
_gray_to_hex,int
_gray_to_hex,max
_gray_to_hex,min
_gray_to_hex,round
estimate_stroke_style,_gray_to_hex
estimate_stroke_style,append
estimate_stroke_style,enumerate
estimate_stroke_style,len
estimate_stroke_style,max
estimate_stroke_style,sum
candidate_to_svg,float
candidate_to_svg,max
decompose_circle_with_stem,_gray_to_hex
decompose_circle_with_stem,abs
decompose_circle_with_stem,add
decompose_circle_with_stem,append
decompose_circle_with_stem,candidate_to_svg
decompose_circle_with_stem,enumerate
decompose_circle_with_stem,estimate_stroke_style
decompose_circle_with_stem,float
decompose_circle_with_stem,hypot
decompose_circle_with_stem,len
decompose_circle_with_stem,max
decompose_circle_with_stem,min
decompose_circle_with_stem,pop
decompose_circle_with_stem,round
decompose_circle_with_stem,set
decompose_circle_with_stem,sum
_missing_required_image_dependencies,missing_required_image_dependencies
_bootstrap_required_image_dependencies,bootstrap_required_image_dependencies
rgb_to_hex,format
rgb_to_hex,int
_dotted_attr_name,_dotted_attr_name
_dotted_attr_name,isinstance
_module_call_edges_for_path,CallEdgeCollector
_module_call_edges_for_path,CallableCollector
_module_call_edges_for_path,Path
_module_call_edges_for_path,_current_scope
_module_call_edges_for_path,_dotted_attr_name
_module_call_edges_for_path,add
_module_call_edges_for_path,append
_module_call_edges_for_path,generic_visit
_module_call_edges_for_path,get
_module_call_edges_for_path,getattr
_module_call_edges_for_path,isinstance
_module_call_edges_for_path,join
_module_call_edges_for_path,parse
_module_call_edges_for_path,pop
_module_call_edges_for_path,read_text
_module_call_edges_for_path,set
_module_call_edges_for_path,visit
export_module_call_tree_csv,_module_call_edges_for_path
export_module_call_tree_csv,add
export_module_call_tree_csv,append
export_module_call_tree_csv,dirname
export_module_call_tree_csv,fspath
export_module_call_tree_csv,get
export_module_call_tree_csv,int
export_module_call_tree_csv,makedirs
export_module_call_tree_csv,open
export_module_call_tree_csv,set
export_module_call_tree_csv,setdefault
export_module_call_tree_csv,sorted
export_module_call_tree_csv,str
export_module_call_tree_csv,walk
export_module_call_tree_csv,writer
export_module_call_tree_csv,writerow
get_base_name_from_file,splitext
get_base_name_from_file,sub
_load_description_mapping,load_description_mapping
_load_description_mapping_from_csv,load_description_mapping_from_csv
_load_description_mapping_from_xml,load_description_mapping_from_xml
_resolve_description_xml_path,resolve_description_xml_path
build_linux_vendor_install_command,_required_vendor_packages
_render_svg_to_numpy_inprocess,Matrix
_render_svg_to_numpy_inprocess,append
_render_svg_to_numpy_inprocess,astype
_render_svg_to_numpy_inprocess,clip
_render_svg_to_numpy_inprocess,collect
_render_svg_to_numpy_inprocess,cvtColor
_render_svg_to_numpy_inprocess,encode
_render_svg_to_numpy_inprocess,frombuffer
_render_svg_to_numpy_inprocess,get_pixmap
_render_svg_to_numpy_inprocess,load_page
_render_svg_to_numpy_inprocess,open
_render_svg_to_numpy_inprocess,reshape
_render_svg_to_numpy_inprocess,search
_render_svg_to_numpy_inprocess,str
_render_svg_to_numpy_inprocess,strip
_render_svg_to_numpy_inprocess,sub
_render_svg_to_numpy_via_subprocess,b64decode
_render_svg_to_numpy_via_subprocess,copy
_render_svg_to_numpy_via_subprocess,decode
_render_svg_to_numpy_via_subprocess,dumps
_render_svg_to_numpy_via_subprocess,encode
_render_svg_to_numpy_via_subprocess,frombuffer
_render_svg_to_numpy_via_subprocess,get
_render_svg_to_numpy_via_subprocess,int
_render_svg_to_numpy_via_subprocess,isinstance
_render_svg_to_numpy_via_subprocess,loads
_render_svg_to_numpy_via_subprocess,reshape
_render_svg_to_numpy_via_subprocess,run
_render_svg_to_numpy_via_subprocess,str
_run_svg_render_subprocess_entrypoint,_render_svg_to_numpy_inprocess
_run_svg_render_subprocess_entrypoint,b64encode
_run_svg_render_subprocess_entrypoint,decode
_run_svg_render_subprocess_entrypoint,dumps
_run_svg_render_subprocess_entrypoint,get
_run_svg_render_subprocess_entrypoint,int
_run_svg_render_subprocess_entrypoint,loads
_run_svg_render_subprocess_entrypoint,read
_run_svg_render_subprocess_entrypoint,str
_run_svg_render_subprocess_entrypoint,tobytes
_run_svg_render_subprocess_entrypoint,write
_semantic_quality_flags,append
_semantic_quality_flags,compile
_semantic_quality_flags,float
_semantic_quality_flags,get_base_name_from_file
_semantic_quality_flags,group
_semantic_quality_flags,items
_semantic_quality_flags,join
_semantic_quality_flags,len
_semantic_quality_flags,match
_semantic_quality_flags,max
_semantic_quality_flags,sorted
_semantic_quality_flags,str
_semantic_quality_flags,strip
_semantic_quality_flags,upper
run_iteration_pipeline,Perception
run_iteration_pipeline,Reflection
run_iteration_pipeline,RuntimeError
run_iteration_pipeline,_detect_semantic_primitives
run_iteration_pipeline,_enforce_semantic_connector_expectation
run_iteration_pipeline,_params_snapshot
run_iteration_pipeline,_record_render_failure
run_iteration_pipeline,_semantic_audit_record
run_iteration_pipeline,_semantic_quality_flags
run_iteration_pipeline,_write_attempt_artifacts
run_iteration_pipeline,_write_validation_log
run_iteration_pipeline,abs
run_iteration_pipeline,append
run_iteration_pipeline,apply_redraw_variation
run_iteration_pipeline,basename
run_iteration_pipeline,bool
run_iteration_pipeline,calculate_error
run_iteration_pipeline,create_diff_image
run_iteration_pipeline,deepcopy
run_iteration_pipeline,dict
run_iteration_pipeline,dirname
run_iteration_pipeline,dumps
run_iteration_pipeline,enumerate
run_iteration_pipeline,extend
run_iteration_pipeline,float
run_iteration_pipeline,generate_badge_svg
run_iteration_pipeline,generate_composite_svg
run_iteration_pipeline,get
run_iteration_pipeline,get_base_name_from_file
run_iteration_pipeline,imwrite
run_iteration_pipeline,int
run_iteration_pipeline,isinstance
run_iteration_pipeline,join
run_iteration_pipeline,linspace
run_iteration_pipeline,list
run_iteration_pipeline,make_badge_params
run_iteration_pipeline,makedirs
run_iteration_pipeline,max
run_iteration_pipeline,min
run_iteration_pipeline,open
run_iteration_pipeline,parse_description
run_iteration_pipeline,print
run_iteration_pipeline,render_svg_to_numpy
run_iteration_pipeline,rstrip
run_iteration_pipeline,setdefault
run_iteration_pipeline,splitext
run_iteration_pipeline,str
run_iteration_pipeline,strip
run_iteration_pipeline,time_ns
run_iteration_pipeline,update
run_iteration_pipeline,upper
run_iteration_pipeline,validate_badge_by_elements
run_iteration_pipeline,validate_semantic_description_alignment
run_iteration_pipeline,write
_extract_ref_parts,group
_extract_ref_parts,int
_extract_ref_parts,match
_extract_ref_parts,upper
_normalize_range_token,get_base_name_from_file
_normalize_range_token,str
_normalize_range_token,sub
_normalize_range_token,upper
_compact_range_token,_normalize_range_token
_compact_range_token,groups
_compact_range_token,match
_shared_partial_range_token,_compact_range_token
_shared_partial_range_token,_normalize_range_token
_shared_partial_range_token,len
_shared_partial_range_token,min
_shared_partial_range_token,range
_matches_partial_range_token,_normalize_range_token
_matches_partial_range_token,_shared_partial_range_token
_matches_partial_range_token,get_base_name_from_file
_matches_partial_range_token,len
_matches_partial_range_token,splitext
_extract_symbol_family,group
_extract_symbol_family,match
_extract_symbol_family,str
_extract_symbol_family,upper
_matches_exact_prefix_filter,_normalize_range_token
_matches_exact_prefix_filter,endswith
_matches_exact_prefix_filter,get_base_name_from_file
_matches_exact_prefix_filter,group
_matches_exact_prefix_filter,match
_matches_exact_prefix_filter,splitext
_matches_exact_prefix_filter,startswith
_in_requested_range,_extract_ref_parts
_in_requested_range,_matches_exact_prefix_filter
_in_requested_range,_matches_partial_range_token
_in_requested_range,get_base_name_from_file
_in_requested_range,group
_in_requested_range,match
_in_requested_range,splitext
_in_requested_range,str
_in_requested_range,strip
_in_requested_range,sub
_in_requested_range,upper
_conversion_random,Random
_conversion_random,get
_conversion_random,int
_conversion_random,str
_conversion_random,strip
_conversion_random,time_ns
_default_converted_symbols_root,abspath
_default_converted_symbols_root,dirname
_default_converted_symbols_root,join
_converted_svg_output_dir,join
_read_validation_log_details,exists
_read_validation_log_details,open
_read_validation_log_details,split
_read_validation_log_details,strip
_write_batch_failure_summary,get
_write_batch_failure_summary,join
_write_batch_failure_summary,open
_write_batch_failure_summary,writer
_write_batch_failure_summary,writerow
_collect_description_fragments,add
_collect_description_fragments,append
_collect_description_fragments,get
_collect_description_fragments,get_base_name_from_file
_collect_description_fragments,set
_collect_description_fragments,splitext
_collect_description_fragments,str
_collect_description_fragments,strip
_collect_description_fragments,upper
_semantic_audit_record,dict
_semantic_audit_record,get_base_name_from_file
_semantic_audit_record,join
_semantic_audit_record,str
_semantic_audit_record,strip
_semantic_audit_record,upper
_write_semantic_audit_report,dump
_write_semantic_audit_report,get
_write_semantic_audit_report,join
_write_semantic_audit_report,open
_write_semantic_audit_report,str
_write_semantic_audit_report,writer
_write_semantic_audit_report,writerow
_diff_output_dir,join
_reports_output_dir,join
_is_semantic_template_variant,get
_is_semantic_template_variant,get_base_name_from_file
_is_semantic_template_variant,isinstance
_is_semantic_template_variant,lower
_is_semantic_template_variant,startswith
_is_semantic_template_variant,str
_is_semantic_template_variant,upper
_load_existing_conversion_rows,DictReader
_load_existing_conversion_rows,Path
_load_existing_conversion_rows,_converted_svg_output_dir
_load_existing_conversion_rows,_is_semantic_template_variant
_load_existing_conversion_rows,_read_svg_geometry
_load_existing_conversion_rows,_reports_output_dir
_load_existing_conversion_rows,_sniff_raster_size
_load_existing_conversion_rows,append
_load_existing_conversion_rows,exists
_load_existing_conversion_rows,float
_load_existing_conversion_rows,get
_load_existing_conversion_rows,get_base_name_from_file
_load_existing_conversion_rows,int
_load_existing_conversion_rows,isfinite
_load_existing_conversion_rows,open
_load_existing_conversion_rows,replace
_load_existing_conversion_rows,splitext
_load_existing_conversion_rows,str
_load_existing_conversion_rows,strip
_load_existing_conversion_rows,upper
_sniff_raster_size,Path
_sniff_raster_size,ValueError
_sniff_raster_size,abs
_sniff_raster_size,int
_sniff_raster_size,len
_sniff_raster_size,max
_sniff_raster_size,open
_sniff_raster_size,read
_sniff_raster_size,seek
_sniff_raster_size,startswith
_sniff_raster_size,unpack
_svg_href_mime_type,Path
_svg_href_mime_type,get
_svg_href_mime_type,lower
_render_embedded_raster_svg,Path
_render_embedded_raster_svg,_sniff_raster_size
_render_embedded_raster_svg,_svg_href_mime_type
_render_embedded_raster_svg,b64encode
_render_embedded_raster_svg,decode
_render_embedded_raster_svg,read_bytes
_quality_config_path,join
_load_quality_config,_quality_config_path
_load_quality_config,exists
_load_quality_config,isinstance
_load_quality_config,load
_load_quality_config,open
_write_quality_config,_quality_config_path
_write_quality_config,dump
_write_quality_config,float
_write_quality_config,isfinite
_write_quality_config,max
_write_quality_config,open
_write_quality_config,set
_write_quality_config,sorted
_write_quality_config,write
_quality_sort_key,float
_quality_sort_key,get
_quality_sort_key,isfinite
_compute_successful_conversions_error_threshold,append
_compute_successful_conversions_error_threshold,float
_compute_successful_conversions_error_threshold,fmean
_compute_successful_conversions_error_threshold,get
_compute_successful_conversions_error_threshold,isfinite
_compute_successful_conversions_error_threshold,len
_compute_successful_conversions_error_threshold,pstdev
_compute_successful_conversions_error_threshold,str
_compute_successful_conversions_error_threshold,strip
_compute_successful_conversions_error_threshold,upper
_select_middle_lower_tercile,len
_select_middle_lower_tercile,max
_select_middle_lower_tercile,sorted
_select_open_quality_cases,append
_select_open_quality_cases,float
_select_open_quality_cases,get
_select_open_quality_cases,isfinite
_select_open_quality_cases,set
_select_open_quality_cases,sorted
_select_open_quality_cases,str
_select_open_quality_cases,strip
_select_open_quality_cases,upper
_iteration_strategy_for_pass,int
_iteration_strategy_for_pass,max
_adaptive_iteration_budget_for_quality_row,get
_adaptive_iteration_budget_for_quality_row,int
_adaptive_iteration_budget_for_quality_row,lower
_adaptive_iteration_budget_for_quality_row,max
_adaptive_iteration_budget_for_quality_row,round
_adaptive_iteration_budget_for_quality_row,str
_adaptive_iteration_budget_for_quality_row,strip
_write_quality_pass_report,bool
_write_quality_pass_report,float
_write_quality_pass_report,get
_write_quality_pass_report,join
_write_quality_pass_report,open
_write_quality_pass_report,writer
_write_quality_pass_report,writerow
_evaluate_quality_pass_candidate,float
_evaluate_quality_pass_candidate,get
_extract_svg_inner,group
_extract_svg_inner,search
_extract_svg_inner,strip
_build_transformed_svg_from_template,_extract_svg_inner
_build_transformed_svg_from_template,float
_build_transformed_svg_from_template,group
_build_transformed_svg_from_template,int
_build_transformed_svg_from_template,sub
_template_transfer_scale_candidates,add
_template_transfer_scale_candidates,append
_template_transfer_scale_candidates,float
_template_transfer_scale_candidates,isfinite
_template_transfer_scale_candidates,max
_template_transfer_scale_candidates,min
_template_transfer_scale_candidates,round
_template_transfer_scale_candidates,set
_estimate_template_transfer_scale,_build_transformed_svg_from_template
_estimate_template_transfer_scale,_foreground_mask
_estimate_template_transfer_scale,_mask_bbox
_estimate_template_transfer_scale,float
_estimate_template_transfer_scale,isfinite
_estimate_template_transfer_scale,max
_estimate_template_transfer_scale,min
_estimate_template_transfer_scale,render_svg_to_numpy
_estimate_template_transfer_scale,sqrt
_template_transfer_transform_candidates,_template_transfer_scale_candidates
_template_transfer_transform_candidates,add
_template_transfer_transform_candidates,append
_template_transfer_transform_candidates,float
_template_transfer_transform_candidates,get
_template_transfer_transform_candidates,round
_template_transfer_transform_candidates,set
_rank_template_transfer_donors,_max_signature_delta
_rank_template_transfer_donors,_normalized_geometry_signature
_rank_template_transfer_donors,append
_rank_template_transfer_donors,dict
_rank_template_transfer_donors,float
_rank_template_transfer_donors,get
_rank_template_transfer_donors,int
_rank_template_transfer_donors,isinstance
_rank_template_transfer_donors,sort
_rank_template_transfer_donors,str
_rank_template_transfer_donors,upper
_template_transfer_donor_family_compatible,_extract_symbol_family
_template_transfer_donor_family_compatible,set
_template_transfer_donor_family_compatible,str
_template_transfer_donor_family_compatible,strip
_template_transfer_donor_family_compatible,upper
_semantic_transfer_rotations,bool
_semantic_transfer_rotations,get
_semantic_transfer_is_compatible,_connector_arm_direction
_semantic_transfer_is_compatible,_connector_stem_direction
_semantic_transfer_is_compatible,bool
_semantic_transfer_is_compatible,get
_semantic_transfer_is_compatible,lower
_semantic_transfer_is_compatible,str
_connector_arm_direction,abs
_connector_arm_direction,float
_connector_arm_direction,get
_connector_stem_direction,abs
_connector_stem_direction,float
_connector_stem_direction,get
_semantic_transfer_scale_candidates,_template_transfer_scale_candidates
_semantic_transfer_scale_candidates,add
_semantic_transfer_scale_candidates,append
_semantic_transfer_scale_candidates,float
_semantic_transfer_scale_candidates,max
_semantic_transfer_scale_candidates,min
_semantic_transfer_scale_candidates,round
_semantic_transfer_scale_candidates,set
_semantic_transfer_badge_params,_clip_scalar
_semantic_transfer_badge_params,_finalize_ac08_style
_semantic_transfer_badge_params,_rot_scale_point
_semantic_transfer_badge_params,bool
_semantic_transfer_badge_params,cos
_semantic_transfer_badge_params,dict
_semantic_transfer_badge_params,float
_semantic_transfer_badge_params,get
_semantic_transfer_badge_params,int
_semantic_transfer_badge_params,max
_semantic_transfer_badge_params,min
_semantic_transfer_badge_params,radians
_semantic_transfer_badge_params,round
_semantic_transfer_badge_params,sin
_semantic_transfer_badge_params,str
_try_template_transfer,_build_transformed_svg_from_template
_try_template_transfer,_estimate_template_transfer_scale
_try_template_transfer,_rank_template_transfer_donors
_try_template_transfer,_read_svg_geometry
_try_template_transfer,_semantic_transfer_badge_params
_try_template_transfer,_semantic_transfer_is_compatible
_try_template_transfer,_semantic_transfer_rotations
_try_template_transfer,_semantic_transfer_scale_candidates
_try_template_transfer,_template_transfer_donor_family_compatible
_try_template_transfer,_template_transfer_transform_candidates
_try_template_transfer,calculate_delta2_stats
_try_template_transfer,calculate_error
_try_template_transfer,create_diff_image
_try_template_transfer,dict
_try_template_transfer,exists
_try_template_transfer,float
_try_template_transfer,generate_badge_svg
_try_template_transfer,get
_try_template_transfer,imread
_try_template_transfer,imwrite
_try_template_transfer,int
_try_template_transfer,isinstance
_try_template_transfer,join
_try_template_transfer,len
_try_template_transfer,max
_try_template_transfer,min
_try_template_transfer,open
_try_template_transfer,read
_try_template_transfer,render_svg_to_numpy
_try_template_transfer,set
_try_template_transfer,shuffle
_try_template_transfer,splitext
_try_template_transfer,str
_try_template_transfer,strip
_try_template_transfer,upper
_try_template_transfer,write
convert_range,_adaptive_iteration_budget_for_quality_row
convert_range,_compute_successful_conversions_error_threshold
convert_range,_conversion_random
convert_range,_convert_one
convert_range,_converted_svg_output_dir
convert_range,_create_diff_image_without_cv2
convert_range,_default_converted_symbols_root
convert_range,_diff_output_dir
convert_range,_evaluate_quality_pass_candidate
convert_range,_harmonize_semantic_size_variants
convert_range,_in_requested_range
convert_range,_iteration_strategy_for_pass
convert_range,_load_existing_conversion_rows
convert_range,_load_quality_config
convert_range,_read_validation_log_details
convert_range,_render_embedded_raster_svg
convert_range,_reports_output_dir
convert_range,_select_middle_lower_tercile
convert_range,_select_open_quality_cases
convert_range,_try_template_transfer
convert_range,_write_ac08_regression_manifest
convert_range,_write_ac08_success_criteria_report
convert_range,_write_ac08_weak_family_status_report
convert_range,_write_batch_failure_summary
convert_range,_write_pixel_delta2_ranking
convert_range,_write_quality_config
convert_range,_write_quality_pass_report
convert_range,_write_semantic_audit_report
convert_range,append
convert_range,basename
convert_range,bool
convert_range,calculate_delta2_stats
convert_range,dict
convert_range,endswith
convert_range,exists
convert_range,extend
convert_range,float
convert_range,generate_conversion_overviews
convert_range,get
convert_range,get_base_name_from_file
convert_range,imread
convert_range,int
convert_range,isfinite
convert_range,items
convert_range,join
convert_range,len
convert_range,list
convert_range,listdir
convert_range,lower
convert_range,makedirs
convert_range,max
convert_range,open
convert_range,print
convert_range,randrange
convert_range,range
convert_range,read
convert_range,render_svg_to_numpy
convert_range,run_iteration_pipeline
convert_range,save
convert_range,set
convert_range,shuffle
convert_range,sorted
convert_range,splitext
convert_range,str
convert_range,strip
convert_range,type
convert_range,update_successful_conversions_manifest_with_metrics
convert_range,upper
convert_range,values
convert_range,write
convert_range,writer
convert_range,writerow
_read_svg_geometry,_gray_from_hex
_read_svg_geometry,any
_read_svg_geometry,exists
_read_svg_geometry,findall
_read_svg_geometry,float
_read_svg_geometry,get
_read_svg_geometry,group
_read_svg_geometry,int
_read_svg_geometry,join
_read_svg_geometry,match
_read_svg_geometry,open
_read_svg_geometry,read
_read_svg_geometry,replace
_read_svg_geometry,round
_read_svg_geometry,search
_read_svg_geometry,strip
_read_svg_geometry,upper
_normalized_geometry_signature,float
_normalized_geometry_signature,get
_normalized_geometry_signature,max
_normalized_geometry_signature,min
_max_signature_delta,abs
_max_signature_delta,intersection
_max_signature_delta,keys
_max_signature_delta,max
_max_signature_delta,set
_max_signature_delta,sorted
_needs_large_circle_overflow_guard,bool
_needs_large_circle_overflow_guard,float
_needs_large_circle_overflow_guard,get
_needs_large_circle_overflow_guard,lower
_needs_large_circle_overflow_guard,str
_scale_badge_params,_clip_scalar
_scale_badge_params,_needs_large_circle_overflow_guard
_scale_badge_params,dict
_scale_badge_params,float
_scale_badge_params,get
_scale_badge_params,items
_scale_badge_params,max
_scale_badge_params,min
_harmonization_anchor_priority,get
_harmonization_anchor_priority,str
_clip_gray,float
_clip_gray,int
_clip_gray,max
_clip_gray,min
_clip_gray,round
_family_harmonized_badge_colors,_clip_gray
_family_harmonized_badge_colors,abs
_family_harmonized_badge_colors,append
_family_harmonized_badge_colors,dict
_family_harmonized_badge_colors,float
_family_harmonized_badge_colors,get
_family_harmonized_badge_colors,len
_family_harmonized_badge_colors,max
_family_harmonized_badge_colors,min
_family_harmonized_badge_colors,sum
_harmonize_semantic_size_variants,_family_harmonized_badge_colors
_harmonize_semantic_size_variants,_harmonization_anchor_priority
_harmonize_semantic_size_variants,_max_signature_delta
_harmonize_semantic_size_variants,_normalized_geometry_signature
_harmonize_semantic_size_variants,_read_svg_geometry
_harmonize_semantic_size_variants,_scale_badge_params
_harmonize_semantic_size_variants,any
_harmonize_semantic_size_variants,append
_harmonize_semantic_size_variants,bool
_harmonize_semantic_size_variants,calculate_error
_harmonize_semantic_size_variants,dict
_harmonize_semantic_size_variants,float
_harmonize_semantic_size_variants,generate_badge_svg
_harmonize_semantic_size_variants,get
_harmonize_semantic_size_variants,imread
_harmonize_semantic_size_variants,int
_harmonize_semantic_size_variants,items
_harmonize_semantic_size_variants,join
_harmonize_semantic_size_variants,len
_harmonize_semantic_size_variants,max
_harmonize_semantic_size_variants,min
_harmonize_semantic_size_variants,open
_harmonize_semantic_size_variants,range
_harmonize_semantic_size_variants,render_svg_to_numpy
_harmonize_semantic_size_variants,rsplit
_harmonize_semantic_size_variants,rstrip
_harmonize_semantic_size_variants,setdefault
_harmonize_semantic_size_variants,sorted
_harmonize_semantic_size_variants,str
_harmonize_semantic_size_variants,update
_harmonize_semantic_size_variants,write
_write_ac08_regression_manifest,int
_write_ac08_regression_manifest,join
_write_ac08_regression_manifest,len
_write_ac08_regression_manifest,open
_write_ac08_regression_manifest,sorted
_write_ac08_regression_manifest,str
_write_ac08_regression_manifest,write
_write_ac08_regression_manifest,writer
_write_ac08_regression_manifest,writerow
_summarize_previous_good_ac08_variants,append
_summarize_previous_good_ac08_variants,exists
_summarize_previous_good_ac08_variants,join
_summarize_previous_good_ac08_variants,list
_summarize_previous_good_ac08_variants,open
_summarize_previous_good_ac08_variants,read
_write_ac08_success_criteria_report,DictReader
_write_ac08_success_criteria_report,_summarize_previous_good_ac08_variants
_write_ac08_success_criteria_report,append
_write_ac08_success_criteria_report,exists
_write_ac08_success_criteria_report,findall
_write_ac08_success_criteria_report,float
_write_ac08_success_criteria_report,get
_write_ac08_success_criteria_report,int
_write_ac08_success_criteria_report,isfinite
_write_ac08_success_criteria_report,join
_write_ac08_success_criteria_report,len
_write_ac08_success_criteria_report,list
_write_ac08_success_criteria_report,open
_write_ac08_success_criteria_report,read
_write_ac08_success_criteria_report,sorted
_write_ac08_success_criteria_report,splitext
_write_ac08_success_criteria_report,str
_write_ac08_success_criteria_report,strip
_write_ac08_success_criteria_report,sum
_write_ac08_success_criteria_report,upper
_write_ac08_success_criteria_report,write
_write_ac08_success_criteria_report,writer
_write_ac08_success_criteria_report,writerow
_write_ac08_weak_family_status_report,DictReader
_write_ac08_weak_family_status_report,any
_write_ac08_weak_family_status_report,append
_write_ac08_weak_family_status_report,exists
_write_ac08_weak_family_status_report,float
_write_ac08_weak_family_status_report,get
_write_ac08_weak_family_status_report,isfinite
_write_ac08_weak_family_status_report,join
_write_ac08_weak_family_status_report,len
_write_ac08_weak_family_status_report,list
_write_ac08_weak_family_status_report,open
_write_ac08_weak_family_status_report,read
_write_ac08_weak_family_status_report,sort
_write_ac08_weak_family_status_report,sorted
_write_ac08_weak_family_status_report,split
_write_ac08_weak_family_status_report,splitext
_write_ac08_weak_family_status_report,startswith
_write_ac08_weak_family_status_report,str
_write_ac08_weak_family_status_report,strip
_write_ac08_weak_family_status_report,upper
_write_ac08_weak_family_status_report,write
_write_ac08_weak_family_status_report,writer
_write_ac08_weak_family_status_report,writerow
_write_pixel_delta2_ranking,append
_write_pixel_delta2_ranking,basename
_write_pixel_delta2_ranking,calculate_delta2_stats
_write_pixel_delta2_ranking,endswith
_write_pixel_delta2_ranking,exists
_write_pixel_delta2_ranking,float
_write_pixel_delta2_ranking,imread
_write_pixel_delta2_ranking,isfinite
_write_pixel_delta2_ranking,join
_write_pixel_delta2_ranking,len
_write_pixel_delta2_ranking,listdir
_write_pixel_delta2_ranking,lower
_write_pixel_delta2_ranking,open
_write_pixel_delta2_ranking,read
_write_pixel_delta2_ranking,render_svg_to_numpy
_write_pixel_delta2_ranking,sort
_write_pixel_delta2_ranking,sorted
_write_pixel_delta2_ranking,splitext
_write_pixel_delta2_ranking,sum
_write_pixel_delta2_ranking,write
_write_pixel_delta2_ranking,writer
_write_pixel_delta2_ranking,writerow
_load_iteration_log_rows,DictReader
_load_iteration_log_rows,dict
_load_iteration_log_rows,exists
_load_iteration_log_rows,get
_load_iteration_log_rows,join
_load_iteration_log_rows,open
_load_iteration_log_rows,splitext
_load_iteration_log_rows,str
_load_iteration_log_rows,strip
_load_iteration_log_rows,upper
_find_image_path_by_variant,exists
_find_image_path_by_variant,join
collect_successful_conversion_quality_metrics,RuntimeError
collect_successful_conversion_quality_metrics,_find_image_path_by_variant
collect_successful_conversion_quality_metrics,_load_iteration_log_rows
collect_successful_conversion_quality_metrics,_read_validation_log_details
collect_successful_conversion_quality_metrics,add
collect_successful_conversion_quality_metrics,append
collect_successful_conversion_quality_metrics,astype
collect_successful_conversion_quality_metrics,exists
collect_successful_conversion_quality_metrics,float
collect_successful_conversion_quality_metrics,get
collect_successful_conversion_quality_metrics,imread
collect_successful_conversion_quality_metrics,int
collect_successful_conversion_quality_metrics,join
collect_successful_conversion_quality_metrics,mean
collect_successful_conversion_quality_metrics,open
collect_successful_conversion_quality_metrics,read
collect_successful_conversion_quality_metrics,render_svg_to_numpy
collect_successful_conversion_quality_metrics,replace
collect_successful_conversion_quality_metrics,set
collect_successful_conversion_quality_metrics,sort
collect_successful_conversion_quality_metrics,std
collect_successful_conversion_quality_metrics,str
collect_successful_conversion_quality_metrics,strip
collect_successful_conversion_quality_metrics,sum
collect_successful_conversion_quality_metrics,upper
_successful_conversion_metrics_available,float
_successful_conversion_metrics_available,get
_successful_conversion_metrics_available,int
_successful_conversion_metrics_available,isfinite
_successful_conversion_metrics_available,str
_successful_conversion_metrics_available,strip
_parse_successful_conversion_manifest_line,float
_parse_successful_conversion_manifest_line,int
_parse_successful_conversion_manifest_line,replace
_parse_successful_conversion_manifest_line,split
_parse_successful_conversion_manifest_line,strip
_parse_successful_conversion_manifest_line,suppress
_parse_successful_conversion_manifest_line,upper
_read_successful_conversion_manifest_metrics,_parse_successful_conversion_manifest_line
_read_successful_conversion_manifest_metrics,exists
_read_successful_conversion_manifest_metrics,read_text
_read_successful_conversion_manifest_metrics,splitlines
_successful_conversion_snapshot_dir,Path
_successful_conversion_snapshot_paths,_successful_conversion_snapshot_dir
_successful_conversion_snapshot_paths,mkdir
_restore_successful_conversion_snapshot,Path
_restore_successful_conversion_snapshot,_successful_conversion_snapshot_paths
_restore_successful_conversion_snapshot,exists
_restore_successful_conversion_snapshot,mkdir
_restore_successful_conversion_snapshot,read_text
_restore_successful_conversion_snapshot,write_text
_store_successful_conversion_snapshot,Path
_store_successful_conversion_snapshot,_successful_conversion_snapshot_paths
_store_successful_conversion_snapshot,dumps
_store_successful_conversion_snapshot,exists
_store_successful_conversion_snapshot,read_text
_store_successful_conversion_snapshot,write_text
_is_successful_conversion_candidate_better,_evaluate_quality_pass_candidate
_is_successful_conversion_candidate_better,_successful_conversion_metrics_available
_is_successful_conversion_candidate_better,get
_is_successful_conversion_candidate_better,lower
_is_successful_conversion_candidate_better,str
_is_successful_conversion_candidate_better,strip
_merge_successful_conversion_metrics,dict
_merge_successful_conversion_metrics,get
_merge_successful_conversion_metrics,items
_merge_successful_conversion_metrics,str
_merge_successful_conversion_metrics,strip
_merge_successful_conversion_metrics,upper
_format_successful_conversion_manifest_line,_successful_conversion_metrics_available
_format_successful_conversion_manifest_line,append
_format_successful_conversion_manifest_line,float
_format_successful_conversion_manifest_line,get
_format_successful_conversion_manifest_line,int
_format_successful_conversion_manifest_line,isfinite
_format_successful_conversion_manifest_line,join
_format_successful_conversion_manifest_line,rstrip
_format_successful_conversion_manifest_line,split
_format_successful_conversion_manifest_line,str
_format_successful_conversion_manifest_line,strip
_format_successful_conversion_manifest_line,upper
_latest_failed_conversion_manifest_entry,DictReader
_latest_failed_conversion_manifest_entry,Path
_latest_failed_conversion_manifest_entry,exists
_latest_failed_conversion_manifest_entry,get
_latest_failed_conversion_manifest_entry,lower
_latest_failed_conversion_manifest_entry,open
_latest_failed_conversion_manifest_entry,str
_latest_failed_conversion_manifest_entry,strip
_latest_failed_conversion_manifest_entry,upper
update_successful_conversions_manifest_with_metrics,FileNotFoundError
update_successful_conversions_manifest_with_metrics,Path
update_successful_conversions_manifest_with_metrics,_format_successful_conversion_manifest_line
update_successful_conversions_manifest_with_metrics,_is_successful_conversion_candidate_better
update_successful_conversions_manifest_with_metrics,_latest_failed_conversion_manifest_entry
update_successful_conversions_manifest_with_metrics,_load_successful_conversions
update_successful_conversions_manifest_with_metrics,_merge_successful_conversion_metrics
update_successful_conversions_manifest_with_metrics,_read_successful_conversion_manifest_metrics
update_successful_conversions_manifest_with_metrics,_restore_successful_conversion_snapshot
update_successful_conversions_manifest_with_metrics,_sorted_successful_conversion_metrics_rows
update_successful_conversions_manifest_with_metrics,_store_successful_conversion_snapshot
update_successful_conversions_manifest_with_metrics,add
update_successful_conversions_manifest_with_metrics,append
update_successful_conversions_manifest_with_metrics,collect_successful_conversion_quality_metrics
update_successful_conversions_manifest_with_metrics,exists
update_successful_conversions_manifest_with_metrics,get
update_successful_conversions_manifest_with_metrics,join
update_successful_conversions_manifest_with_metrics,lower
update_successful_conversions_manifest_with_metrics,read_text
update_successful_conversions_manifest_with_metrics,set
update_successful_conversions_manifest_with_metrics,sorted
update_successful_conversions_manifest_with_metrics,split
update_successful_conversions_manifest_with_metrics,splitlines
update_successful_conversions_manifest_with_metrics,str
update_successful_conversions_manifest_with_metrics,strip
update_successful_conversions_manifest_with_metrics,upper
update_successful_conversions_manifest_with_metrics,write_text
_sorted_successful_conversion_metrics_rows,get
_sorted_successful_conversion_metrics_rows,sorted
_sorted_successful_conversion_metrics_rows,str
_sorted_successful_conversion_metrics_rows,upper
_write_successful_conversion_csv_table,_sorted_successful_conversion_metrics_rows
_write_successful_conversion_csv_table,bool
_write_successful_conversion_csv_table,dirname
_write_successful_conversion_csv_table,float
_write_successful_conversion_csv_table,fspath
_write_successful_conversion_csv_table,int
_write_successful_conversion_csv_table,isfinite
_write_successful_conversion_csv_table,makedirs
_write_successful_conversion_csv_table,open
_write_successful_conversion_csv_table,writer
_write_successful_conversion_csv_table,writerow
write_successful_conversion_quality_report,_sorted_successful_conversion_metrics_rows
write_successful_conversion_quality_report,_write_successful_conversion_csv_table
write_successful_conversion_quality_report,join
write_successful_conversion_quality_report,len
write_successful_conversion_quality_report,open
write_successful_conversion_quality_report,update_successful_conversions_manifest_with_metrics
write_successful_conversion_quality_report,write
parse_args,ArgumentParser
parse_args,add_argument
parse_args,delattr
parse_args,get
parse_args,join
parse_args,parse_args
_optional_log_capture,Path
_optional_log_capture,_TeeTextIO
_optional_log_capture,mkdir
_optional_log_capture,open
_optional_log_capture,print
_optional_log_capture,redirect_stderr
_optional_log_capture,redirect_stdout
_auto_detect_csv_path,any
_auto_detect_csv_path,append
_auto_detect_csv_path,basename
_auto_detect_csv_path,dirname
_auto_detect_csv_path,endswith
_auto_detect_csv_path,isdir
_auto_detect_csv_path,join
_auto_detect_csv_path,listdir
_auto_detect_csv_path,lower
_auto_detect_csv_path,sorted
_resolve_cli_csv_and_output,_auto_detect_csv_path
_resolve_cli_csv_and_output,_resolve_description_xml_path
_resolve_cli_csv_and_output,endswith
_resolve_cli_csv_and_output,lower
_resolve_cli_csv_and_output,str
_format_user_diagnostic,format
_format_user_diagnostic,isinstance
_format_user_diagnostic,str
_prompt_interactive_range,_extract_ref_parts
_prompt_interactive_range,_shared_partial_range_token
_prompt_interactive_range,input
_prompt_interactive_range,print
_prompt_interactive_range,search
_prompt_interactive_range,str
_prompt_interactive_range,strip
main,Path
main,_bootstrap_required_image_dependencies
main,_format_user_diagnostic
main,_load_description_mapping
main,_optional_log_capture
main,_prompt_interactive_range
main,_resolve_cli_csv_and_output
main,_run_svg_render_subprocess_entrypoint
main,_runtime_modules
main,analyze_range
main,bool
main,build_linux_vendor_install_command
main,convert_range
main,exists
main,export_module_call_tree_csv
main,float
main,getattr
main,join
main,max
main,parse_args
main,print
main,set
main,str
main,strip
convert_image,FileNotFoundError
convert_image,Path
convert_image,_render_embedded_raster_svg
convert_image,_runtime_modules
convert_image,annotate_image_regions
convert_image,detect_relevant_regions
convert_image,dumps
convert_image,imread
convert_image,imwrite
convert_image,lower
convert_image,mkdir
convert_image,str
convert_image,with_suffix
convert_image,write_text
convert_image_variants,convert_range
