function_name_polish,function_name_original,source_path
__getattr__,__getattr__,/workspace/ImageConverter/src/__init__.py
convertRange,convertRange,/workspace/ImageConverter/src/iccFs/convertRange.py
loadOptionalModule,loadOptionalModule,/workspace/ImageConverter/src/iccFs/loadOptionalModule.py
_bootstrapRequiredImageDependencies,_bootstrapRequiredImageDependencies,/workspace/ImageConverter/src/iccFs/mF/_bootstrapRequiredImageDependencies.py
_missingRequiredImageDependencies,_missingRequiredImageDependencies,/workspace/ImageConverter/src/iccFs/mF/_bootstrapRequiredImageDependenciesFiles/_missingRequiredImageDependencies.py
_formatUserDiagnostic,_formatUserDiagnostic,/workspace/ImageConverter/src/iccFs/mF/_formatUserDiagnostic.py
_loadDescriptionMapping,_loadDescriptionMapping,/workspace/ImageConverter/src/iccFs/mF/_loadDescriptionMapping.py
_loadDescriptionMappingFromCsv,_loadDescriptionMappingFromCsv,/workspace/ImageConverter/src/iccFs/mF/_loadDescriptionMappingFiles/_loadDescriptionMappingFromCsv.py
_loadDescriptionMappingFromXml,_loadDescriptionMappingFromXml,/workspace/ImageConverter/src/iccFs/mF/_loadDescriptionMappingFiles/_loadDescriptionMappingFromXml.py
_extractImageSpecificDescription,_extractImageSpecificDescription,/workspace/ImageConverter/src/iccFs/mF/_loadDescriptionMappingFiles/_loadDescriptionMappingFromXmlFiles/_extractImageSpecificDescription.py
_mergeEntryAndImageDesc,_mergeEntryAndImageDesc,/workspace/ImageConverter/src/iccFs/mF/_loadDescriptionMappingFiles/_loadDescriptionMappingFromXmlFiles/_mergeEntryAndImageDesc.py
_registerDescription,_registerDescription,/workspace/ImageConverter/src/iccFs/mF/_loadDescriptionMappingFiles/_loadDescriptionMappingFromXmlFiles/_registerDescription.py
_resolveDescriptionXmlPath,_resolveDescriptionXmlPath,/workspace/ImageConverter/src/iccFs/mF/_loadDescriptionMappingFiles/_loadDescriptionMappingFromXmlFiles/_resolveDescriptionXmlPath.py
_optionalLogCapture,_optionalLogCapture,/workspace/ImageConverter/src/iccFs/mF/_optionalLogCapture.py
_promptInteractiveRange,_promptInteractiveRange,/workspace/ImageConverter/src/iccFs/mF/_promptInteractiveRange.py
_extractRefParts,_extractRefParts,/workspace/ImageConverter/src/iccFs/mF/_promptInteractiveRangeFiles/_extractRefParts.py
_sharedPartialRangeToken,_sharedPartialRangeToken,/workspace/ImageConverter/src/iccFs/mF/_promptInteractiveRangeFiles/_sharedPartialRangeToken.py
_compactRangeToken,_compactRangeToken,/workspace/ImageConverter/src/iccFs/mF/_promptInteractiveRangeFiles/_sharedPartialRangeTokenFiles/_compactRangeToken.py
_normalizeRangeToken,_normalizeRangeToken,/workspace/ImageConverter/src/iccFs/mF/_promptInteractiveRangeFiles/_sharedPartialRangeTokenFiles/_compactRangeTokenFiles/_normalizeRangeToken.py
_normalizeRangeToken,_normalizeRangeToken,/workspace/ImageConverter/src/iccFs/mF/_promptInteractiveRangeFiles/_sharedPartialRangeTokenFiles/_normalizeRangeToken.py
_resolveCliCsvAndOutput,_resolveCliCsvAndOutput,/workspace/ImageConverter/src/iccFs/mF/_resolveCliCsvAndOutput.py
_autoDetectCsvPath,_autoDetectCsvPath,/workspace/ImageConverter/src/iccFs/mF/_resolveCliCsvAndOutputFiles/_autoDetectCsvPath.py
_resolveDescriptionXmlPath,_resolveDescriptionXmlPath,/workspace/ImageConverter/src/iccFs/mF/_resolveCliCsvAndOutputFiles/_resolveDescriptionXmlPath.py
_runSvgRenderSubprocessEntrypoint,_runSvgRenderSubprocessEntrypoint,/workspace/ImageConverter/src/iccFs/mF/_runSvgRenderSubprocessEntrypoint.py
_renderSvgToNumpyInprocess,_renderSvgToNumpyInprocess,/workspace/ImageConverter/src/iccFs/mF/_runSvgRenderSubprocessEntrypointFiles/_renderSvgToNumpyInprocess.py
analyzeRange,analyzeRange,/workspace/ImageConverter/src/iccFs/mF/analyzeRange.py
buildLinuxVendorInstallCommand,buildLinuxVendorInstallCommand,/workspace/ImageConverter/src/iccFs/mF/buildLinuxVendorInstallCommand.py
_requiredVendorPackages,_requiredVendorPackages,/workspace/ImageConverter/src/iccFs/mF/buildLinuxVendorInstallCommandFiles/_requiredVendorPackages.py
convertImage,convertImage,/workspace/ImageConverter/src/iccFs/mF/convertImage.py
convertImageVariants,convertImageVariants,/workspace/ImageConverter/src/iccFs/mF/convertImageVariants.py
_adaptiveIterationBudgetForQualityRow,_adaptiveIterationBudgetForQualityRow,/workspace/ImageConverter/src/iccFs/mF/convertRangeFiles/_adaptiveIterationBudgetForQualityRow.py
_computeSuccessfulConversionsErrorThreshold,_computeSuccessfulConversionsErrorThreshold,/workspace/ImageConverter/src/iccFs/mF/convertRangeFiles/_computeSuccessfulConversionsErrorThreshold.py
_conversionRandom,_conversionRandom,/workspace/ImageConverter/src/iccFs/mF/convertRangeFiles/_conversionRandom.py
_convertedSvgOutputDir,_convertedSvgOutputDir,/workspace/ImageConverter/src/iccFs/mF/convertRangeFiles/_convertedSvgOutputDir.py
_createDiffImageWithoutCv2,_createDiffImageWithoutCv2,/workspace/ImageConverter/src/iccFs/mF/convertRangeFiles/_createDiffImageWithoutCv2.py
_defaultConvertedSymbolsRoot,_defaultConvertedSymbolsRoot,/workspace/ImageConverter/src/iccFs/mF/convertRangeFiles/_defaultConvertedSymbolsRoot.py
_diffOutputDir,_diffOutputDir,/workspace/ImageConverter/src/iccFs/mF/convertRangeFiles/_diffOutputDir.py
_evaluateQualityPassCandidate,_evaluateQualityPassCandidate,/workspace/ImageConverter/src/iccFs/mF/convertRangeFiles/_evaluateQualityPassCandidate.py
_harmonizeSemanticSizeVariants,_harmonizeSemanticSizeVariants,/workspace/ImageConverter/src/iccFs/mF/convertRangeFiles/_harmonizeSemanticSizeVariants.py
_anchor_rank,_anchor_rank,/workspace/ImageConverter/src/iccFs/mF/convertRangeFiles/_harmonizeSemanticSizeVariants.py
_familyHarmonizedBadgeColors,_familyHarmonizedBadgeColors,/workspace/ImageConverter/src/iccFs/mF/convertRangeFiles/_harmonizeSemanticSizeVariantsFiles/_familyHarmonizedBadgeColors.py
_clipGray,_clipGray,/workspace/ImageConverter/src/iccFs/mF/convertRangeFiles/_harmonizeSemanticSizeVariantsFiles/_familyHarmonizedBadgeColorsFiles/_clipGray.py
_maxSignatureDelta,_maxSignatureDelta,/workspace/ImageConverter/src/iccFs/mF/convertRangeFiles/_harmonizeSemanticSizeVariantsFiles/_maxSignatureDelta.py
_normalizedGeometrySignature,_normalizedGeometrySignature,/workspace/ImageConverter/src/iccFs/mF/convertRangeFiles/_harmonizeSemanticSizeVariantsFiles/_normalizedGeometrySignature.py
_readSvgGeometry,_readSvgGeometry,/workspace/ImageConverter/src/iccFs/mF/convertRangeFiles/_harmonizeSemanticSizeVariantsFiles/_readSvgGeometry.py
_grayFromHex,_grayFromHex,/workspace/ImageConverter/src/iccFs/mF/convertRangeFiles/_harmonizeSemanticSizeVariantsFiles/_readSvgGeometry.py
_scaleBadgeParams,_scaleBadgeParams,/workspace/ImageConverter/src/iccFs/mF/convertRangeFiles/_harmonizeSemanticSizeVariantsFiles/_scaleBadgeParams.py
_needsLargeCircleOverflowGuard,_needsLargeCircleOverflowGuard,/workspace/ImageConverter/src/iccFs/mF/convertRangeFiles/_harmonizeSemanticSizeVariantsFiles/_scaleBadgeParamsFiles/_needsLargeCircleOverflowGuard.py
_inRequestedRange,_inRequestedRange,/workspace/ImageConverter/src/iccFs/mF/convertRangeFiles/_inRequestedRange.py
_extractRefParts,_extractRefParts,/workspace/ImageConverter/src/iccFs/mF/convertRangeFiles/_inRequestedRangeFiles/_extractRefParts.py
_matchesExactPrefixFilter,_matchesExactPrefixFilter,/workspace/ImageConverter/src/iccFs/mF/convertRangeFiles/_inRequestedRangeFiles/_matchesExactPrefixFilter.py
_normalizeRangeToken,_normalizeRangeToken,/workspace/ImageConverter/src/iccFs/mF/convertRangeFiles/_inRequestedRangeFiles/_matchesExactPrefixFilterFiles/_normalizeRangeToken.py
_matchesPartialRangeToken,_matchesPartialRangeToken,/workspace/ImageConverter/src/iccFs/mF/convertRangeFiles/_inRequestedRangeFiles/_matchesPartialRangeToken.py
_normalizeRangeToken,_normalizeRangeToken,/workspace/ImageConverter/src/iccFs/mF/convertRangeFiles/_inRequestedRangeFiles/_matchesPartialRangeTokenFiles/_normalizeRangeToken.py
_sharedPartialRangeToken,_sharedPartialRangeToken,/workspace/ImageConverter/src/iccFs/mF/convertRangeFiles/_inRequestedRangeFiles/_matchesPartialRangeTokenFiles/_sharedPartialRangeToken.py
_compactRangeToken,_compactRangeToken,/workspace/ImageConverter/src/iccFs/mF/convertRangeFiles/_inRequestedRangeFiles/_matchesPartialRangeTokenFiles/_sharedPartialRangeTokenFiles/_compactRangeToken.py
_normalizeRangeToken,_normalizeRangeToken,/workspace/ImageConverter/src/iccFs/mF/convertRangeFiles/_inRequestedRangeFiles/_matchesPartialRangeTokenFiles/_sharedPartialRangeTokenFiles/_compactRangeTokenFiles/_normalizeRangeToken.py
_normalizeRangeToken,_normalizeRangeToken,/workspace/ImageConverter/src/iccFs/mF/convertRangeFiles/_inRequestedRangeFiles/_matchesPartialRangeTokenFiles/_sharedPartialRangeTokenFiles/_normalizeRangeToken.py
getBaseNameFromFile,getBaseNameFromFile,/workspace/ImageConverter/src/iccFs/mF/convertRangeFiles/_inRequestedRangeFiles/getBaseNameFromFile.py
_iterationStrategyForPass,_iterationStrategyForPass,/workspace/ImageConverter/src/iccFs/mF/convertRangeFiles/_iterationStrategyForPass.py
_loadExistingConversionRows,_loadExistingConversionRows,/workspace/ImageConverter/src/iccFs/mF/convertRangeFiles/_loadExistingConversionRows.py
_convertedSvgOutputDir,_convertedSvgOutputDir,/workspace/ImageConverter/src/iccFs/mF/convertRangeFiles/_loadExistingConversionRowsFiles/_convertedSvgOutputDir.py
_isSemanticTemplateVariant,_isSemanticTemplateVariant,/workspace/ImageConverter/src/iccFs/mF/convertRangeFiles/_loadExistingConversionRowsFiles/_isSemanticTemplateVariant.py
_readSvgGeometry,_readSvgGeometry,/workspace/ImageConverter/src/iccFs/mF/convertRangeFiles/_loadExistingConversionRowsFiles/_readSvgGeometry.py
_grayFromHex,_grayFromHex,/workspace/ImageConverter/src/iccFs/mF/convertRangeFiles/_loadExistingConversionRowsFiles/_readSvgGeometry.py
_reportsOutputDir,_reportsOutputDir,/workspace/ImageConverter/src/iccFs/mF/convertRangeFiles/_loadExistingConversionRowsFiles/_reportsOutputDir.py
_sniffRasterSize,_sniffRasterSize,/workspace/ImageConverter/src/iccFs/mF/convertRangeFiles/_loadExistingConversionRowsFiles/_sniffRasterSize.py
_loadQualityConfig,_loadQualityConfig,/workspace/ImageConverter/src/iccFs/mF/convertRangeFiles/_loadQualityConfig.py
_qualityConfigPath,_qualityConfigPath,/workspace/ImageConverter/src/iccFs/mF/convertRangeFiles/_loadQualityConfigFiles/_qualityConfigPath.py
_renderEmbeddedRasterSvg,_renderEmbeddedRasterSvg,/workspace/ImageConverter/src/iccFs/mF/convertRangeFiles/_renderEmbeddedRasterSvg.py
_sniffRasterSize,_sniffRasterSize,/workspace/ImageConverter/src/iccFs/mF/convertRangeFiles/_renderEmbeddedRasterSvgFiles/_sniffRasterSize.py
_svgHrefMimeType,_svgHrefMimeType,/workspace/ImageConverter/src/iccFs/mF/convertRangeFiles/_renderEmbeddedRasterSvgFiles/_svgHrefMimeType.py
_reportsOutputDir,_reportsOutputDir,/workspace/ImageConverter/src/iccFs/mF/convertRangeFiles/_reportsOutputDir.py
_selectMiddleLowerTercile,_selectMiddleLowerTercile,/workspace/ImageConverter/src/iccFs/mF/convertRangeFiles/_selectMiddleLowerTercile.py
_selectOpenQualityCases,_selectOpenQualityCases,/workspace/ImageConverter/src/iccFs/mF/convertRangeFiles/_selectOpenQualityCases.py
_tryTemplateTransfer,_tryTemplateTransfer,/workspace/ImageConverter/src/iccFs/mF/convertRangeFiles/_tryTemplateTransfer.py
_buildTransformedSvgFromTemplate,_buildTransformedSvgFromTemplate,/workspace/ImageConverter/src/iccFs/mF/convertRangeFiles/_tryTemplateTransferFiles/_buildTransformedSvgFromTemplate.py
_extractSvgInner,_extractSvgInner,/workspace/ImageConverter/src/iccFs/mF/convertRangeFiles/_tryTemplateTransferFiles/_buildTransformedSvgFromTemplateFiles/_extractSvgInner.py
_estimateTemplateTransferScale,_estimateTemplateTransferScale,/workspace/ImageConverter/src/iccFs/mF/convertRangeFiles/_tryTemplateTransferFiles/_estimateTemplateTransferScale.py
_buildTransformedSvgFromTemplate,_buildTransformedSvgFromTemplate,/workspace/ImageConverter/src/iccFs/mF/convertRangeFiles/_tryTemplateTransferFiles/_estimateTemplateTransferScaleFiles/_buildTransformedSvgFromTemplate.py
_extractSvgInner,_extractSvgInner,/workspace/ImageConverter/src/iccFs/mF/convertRangeFiles/_tryTemplateTransferFiles/_estimateTemplateTransferScaleFiles/_buildTransformedSvgFromTemplateFiles/_extractSvgInner.py
_rankTemplateTransferDonors,_rankTemplateTransferDonors,/workspace/ImageConverter/src/iccFs/mF/convertRangeFiles/_tryTemplateTransferFiles/_rankTemplateTransferDonors.py
_readSvgGeometry,_readSvgGeometry,/workspace/ImageConverter/src/iccFs/mF/convertRangeFiles/_tryTemplateTransferFiles/_readSvgGeometry.py
_grayFromHex,_grayFromHex,/workspace/ImageConverter/src/iccFs/mF/convertRangeFiles/_tryTemplateTransferFiles/_readSvgGeometry.py
_semanticTransferBadgeParams,_semanticTransferBadgeParams,/workspace/ImageConverter/src/iccFs/mF/convertRangeFiles/_tryTemplateTransferFiles/_semanticTransferBadgeParams.py
_rotScalePoint,_rotScalePoint,/workspace/ImageConverter/src/iccFs/mF/convertRangeFiles/_tryTemplateTransferFiles/_semanticTransferBadgeParams.py
_semanticTransferIsCompatible,_semanticTransferIsCompatible,/workspace/ImageConverter/src/iccFs/mF/convertRangeFiles/_tryTemplateTransferFiles/_semanticTransferIsCompatible.py
_connectorArmDirection,_connectorArmDirection,/workspace/ImageConverter/src/iccFs/mF/convertRangeFiles/_tryTemplateTransferFiles/_semanticTransferIsCompatibleFiles/_connectorArmDirection.py
_connectorStemDirection,_connectorStemDirection,/workspace/ImageConverter/src/iccFs/mF/convertRangeFiles/_tryTemplateTransferFiles/_semanticTransferIsCompatibleFiles/_connectorStemDirection.py
_semanticTransferRotations,_semanticTransferRotations,/workspace/ImageConverter/src/iccFs/mF/convertRangeFiles/_tryTemplateTransferFiles/_semanticTransferRotations.py
_semanticTransferScaleCandidates,_semanticTransferScaleCandidates,/workspace/ImageConverter/src/iccFs/mF/convertRangeFiles/_tryTemplateTransferFiles/_semanticTransferScaleCandidates.py
_templateTransferScaleCandidates,_templateTransferScaleCandidates,/workspace/ImageConverter/src/iccFs/mF/convertRangeFiles/_tryTemplateTransferFiles/_semanticTransferScaleCandidatesFiles/_templateTransferScaleCandidates.py
_templateTransferDonorFamilyCompatible,_templateTransferDonorFamilyCompatible,/workspace/ImageConverter/src/iccFs/mF/convertRangeFiles/_tryTemplateTransferFiles/_templateTransferDonorFamilyCompatible.py
_extractSymbolFamily,_extractSymbolFamily,/workspace/ImageConverter/src/iccFs/mF/convertRangeFiles/_tryTemplateTransferFiles/_templateTransferDonorFamilyCompatibleFiles/_extractSymbolFamily.py
_templateTransferTransformCandidates,_templateTransferTransformCandidates,/workspace/ImageConverter/src/iccFs/mF/convertRangeFiles/_tryTemplateTransferFiles/_templateTransferTransformCandidates.py
_templateTransferScaleCandidates,_templateTransferScaleCandidates,/workspace/ImageConverter/src/iccFs/mF/convertRangeFiles/_tryTemplateTransferFiles/_templateTransferTransformCandidatesFiles/_templateTransferScaleCandidates.py
_writeAc08RegressionManifest,_writeAc08RegressionManifest,/workspace/ImageConverter/src/iccFs/mF/convertRangeFiles/_writeAc08RegressionManifest.py
_writeAc08SuccessCriteriaReport,_writeAc08SuccessCriteriaReport,/workspace/ImageConverter/src/iccFs/mF/convertRangeFiles/_writeAc08SuccessCriteriaReport.py
_summarizePreviousGoodAc08Variants,_summarizePreviousGoodAc08Variants,/workspace/ImageConverter/src/iccFs/mF/convertRangeFiles/_writeAc08SuccessCriteriaReportFiles/_summarizePreviousGoodAc08Variants.py
_writeAc08WeakFamilyStatusReport,_writeAc08WeakFamilyStatusReport,/workspace/ImageConverter/src/iccFs/mF/convertRangeFiles/_writeAc08WeakFamilyStatusReport.py
_writeBatchFailureSummary,_writeBatchFailureSummary,/workspace/ImageConverter/src/iccFs/mF/convertRangeFiles/_writeBatchFailureSummary.py
_writePixelDelta2Ranking,_writePixelDelta2Ranking,/workspace/ImageConverter/src/iccFs/mF/convertRangeFiles/_writePixelDelta2Ranking.py
_writeQualityConfig,_writeQualityConfig,/workspace/ImageConverter/src/iccFs/mF/convertRangeFiles/_writeQualityConfig.py
_qualityConfigPath,_qualityConfigPath,/workspace/ImageConverter/src/iccFs/mF/convertRangeFiles/_writeQualityConfigFiles/_qualityConfigPath.py
_writeQualityPassReport,_writeQualityPassReport,/workspace/ImageConverter/src/iccFs/mF/convertRangeFiles/_writeQualityPassReport.py
_writeSemanticAuditReport,_writeSemanticAuditReport,/workspace/ImageConverter/src/iccFs/mF/convertRangeFiles/_writeSemanticAuditReport.py
updateSuccessfulConversionsManifestWithMetrics,updateSuccessfulConversionsManifestWithMetrics,/workspace/ImageConverter/src/iccFs/mF/convertRangeFiles/updateSuccessfulConversionsManifestWithMetrics.py
_formatSuccessfulConversionManifestLine,_formatSuccessfulConversionManifestLine,/workspace/ImageConverter/src/iccFs/mF/convertRangeFiles/updateSuccessfulConversionsManifestWithMetricsFiles/_formatSuccessfulConversionManifestLine.py
_successfulConversionMetricsAvailable,_successfulConversionMetricsAvailable,/workspace/ImageConverter/src/iccFs/mF/convertRangeFiles/updateSuccessfulConversionsManifestWithMetricsFiles/_formatSuccessfulConversionManifestLineFiles/_successfulConversionMetricsAvailable.py
_isSuccessfulConversionCandidateBetter,_isSuccessfulConversionCandidateBetter,/workspace/ImageConverter/src/iccFs/mF/convertRangeFiles/updateSuccessfulConversionsManifestWithMetricsFiles/_isSuccessfulConversionCandidateBetter.py
_successfulConversionMetricsAvailable,_successfulConversionMetricsAvailable,/workspace/ImageConverter/src/iccFs/mF/convertRangeFiles/updateSuccessfulConversionsManifestWithMetricsFiles/_isSuccessfulConversionCandidateBetterFiles/_successfulConversionMetricsAvailable.py
_latestFailedConversionManifestEntry,_latestFailedConversionManifestEntry,/workspace/ImageConverter/src/iccFs/mF/convertRangeFiles/updateSuccessfulConversionsManifestWithMetricsFiles/_latestFailedConversionManifestEntry.py
_mergeSuccessfulConversionMetrics,_mergeSuccessfulConversionMetrics,/workspace/ImageConverter/src/iccFs/mF/convertRangeFiles/updateSuccessfulConversionsManifestWithMetricsFiles/_mergeSuccessfulConversionMetrics.py
_readSuccessfulConversionManifestMetrics,_readSuccessfulConversionManifestMetrics,/workspace/ImageConverter/src/iccFs/mF/convertRangeFiles/updateSuccessfulConversionsManifestWithMetricsFiles/_readSuccessfulConversionManifestMetrics.py
_parseSuccessfulConversionManifestLine,_parseSuccessfulConversionManifestLine,/workspace/ImageConverter/src/iccFs/mF/convertRangeFiles/updateSuccessfulConversionsManifestWithMetricsFiles/_readSuccessfulConversionManifestMetricsFiles/_parseSuccessfulConversionManifestLine.py
_restoreSuccessfulConversionSnapshot,_restoreSuccessfulConversionSnapshot,/workspace/ImageConverter/src/iccFs/mF/convertRangeFiles/updateSuccessfulConversionsManifestWithMetricsFiles/_restoreSuccessfulConversionSnapshot.py
_successfulConversionSnapshotPaths,_successfulConversionSnapshotPaths,/workspace/ImageConverter/src/iccFs/mF/convertRangeFiles/updateSuccessfulConversionsManifestWithMetricsFiles/_restoreSuccessfulConversionSnapshotFiles/_successfulConversionSnapshotPaths.py
_successfulConversionSnapshotDir,_successfulConversionSnapshotDir,/workspace/ImageConverter/src/iccFs/mF/convertRangeFiles/updateSuccessfulConversionsManifestWithMetricsFiles/_restoreSuccessfulConversionSnapshotFiles/_successfulConversionSnapshotPathsFiles/_successfulConversionSnapshotDir.py
_sortedSuccessfulConversionMetricsRows,_sortedSuccessfulConversionMetricsRows,/workspace/ImageConverter/src/iccFs/mF/convertRangeFiles/updateSuccessfulConversionsManifestWithMetricsFiles/_sortedSuccessfulConversionMetricsRows.py
_storeSuccessfulConversionSnapshot,_storeSuccessfulConversionSnapshot,/workspace/ImageConverter/src/iccFs/mF/convertRangeFiles/updateSuccessfulConversionsManifestWithMetricsFiles/_storeSuccessfulConversionSnapshot.py
_successfulConversionSnapshotPaths,_successfulConversionSnapshotPaths,/workspace/ImageConverter/src/iccFs/mF/convertRangeFiles/updateSuccessfulConversionsManifestWithMetricsFiles/_storeSuccessfulConversionSnapshotFiles/_successfulConversionSnapshotPaths.py
_successfulConversionSnapshotDir,_successfulConversionSnapshotDir,/workspace/ImageConverter/src/iccFs/mF/convertRangeFiles/updateSuccessfulConversionsManifestWithMetricsFiles/_storeSuccessfulConversionSnapshotFiles/_successfulConversionSnapshotPathsFiles/_successfulConversionSnapshotDir.py
collectSuccessfulConversionQualityMetrics,collectSuccessfulConversionQualityMetrics,/workspace/ImageConverter/src/iccFs/mF/convertRangeFiles/updateSuccessfulConversionsManifestWithMetricsFiles/collectSuccessfulConversionQualityMetrics.py
_findImagePathByVariant,_findImagePathByVariant,/workspace/ImageConverter/src/iccFs/mF/convertRangeFiles/updateSuccessfulConversionsManifestWithMetricsFiles/collectSuccessfulConversionQualityMetricsFiles/_findImagePathByVariant.py
_loadIterationLogRows,_loadIterationLogRows,/workspace/ImageConverter/src/iccFs/mF/convertRangeFiles/updateSuccessfulConversionsManifestWithMetricsFiles/collectSuccessfulConversionQualityMetricsFiles/_loadIterationLogRows.py
_readValidationLogDetails,_readValidationLogDetails,/workspace/ImageConverter/src/iccFs/mF/convertRangeFiles/updateSuccessfulConversionsManifestWithMetricsFiles/collectSuccessfulConversionQualityMetricsFiles/_readValidationLogDetails.py
convertRange,convertRange,/workspace/ImageConverter/src/iccFs/mF/convert_range.py
_convertOne,_convertOne,/workspace/ImageConverter/src/iccFs/mF/convert_range.py
exportModuleCallTreeCsv,exportModuleCallTreeCsv,/workspace/ImageConverter/src/iccFs/mF/exportModuleCallTreeCsv.py
walk,walk,/workspace/ImageConverter/src/iccFs/mF/exportModuleCallTreeCsv.py
_moduleCallEdgesForPath,_moduleCallEdgesForPath,/workspace/ImageConverter/src/iccFs/mF/exportModuleCallTreeCsvFiles/_moduleCallEdgesForPath.py
__init__,__init__,/workspace/ImageConverter/src/iccFs/mF/exportModuleCallTreeCsvFiles/_moduleCallEdgesForPath.py
visit_ClassDef,visit_ClassDef,/workspace/ImageConverter/src/iccFs/mF/exportModuleCallTreeCsvFiles/_moduleCallEdgesForPath.py
visit_FunctionDef,visit_FunctionDef,/workspace/ImageConverter/src/iccFs/mF/exportModuleCallTreeCsvFiles/_moduleCallEdgesForPath.py
visit_AsyncFunctionDef,visit_AsyncFunctionDef,/workspace/ImageConverter/src/iccFs/mF/exportModuleCallTreeCsvFiles/_moduleCallEdgesForPath.py
__init__,__init__,/workspace/ImageConverter/src/iccFs/mF/exportModuleCallTreeCsvFiles/_moduleCallEdgesForPath.py
_current_scope,_current_scope,/workspace/ImageConverter/src/iccFs/mF/exportModuleCallTreeCsvFiles/_moduleCallEdgesForPath.py
visit_ClassDef,visit_ClassDef,/workspace/ImageConverter/src/iccFs/mF/exportModuleCallTreeCsvFiles/_moduleCallEdgesForPath.py
visit_FunctionDef,visit_FunctionDef,/workspace/ImageConverter/src/iccFs/mF/exportModuleCallTreeCsvFiles/_moduleCallEdgesForPath.py
visit_AsyncFunctionDef,visit_AsyncFunctionDef,/workspace/ImageConverter/src/iccFs/mF/exportModuleCallTreeCsvFiles/_moduleCallEdgesForPath.py
visit_Call,visit_Call,/workspace/ImageConverter/src/iccFs/mF/exportModuleCallTreeCsvFiles/_moduleCallEdgesForPath.py
detectRelevantRegions,detectRelevantRegions,/workspace/ImageConverter/src/iccFs/mF/imageCompositeConverterCore.py
annotateImageRegions,annotateImageRegions,/workspace/ImageConverter/src/iccFs/mF/imageCompositeConverterCore.py
_vendoredSitePackagesDirs,_vendored_site_packages_dirs,/workspace/ImageConverter/src/iccFs/mF/imageCompositeConverterCore.py
_clearPartialModuleImport,_clear_partial_module_import,/workspace/ImageConverter/src/iccFs/mF/imageCompositeConverterCore.py
_describeOptionalDependencyError,_describe_optional_dependency_error,/workspace/ImageConverter/src/iccFs/mF/imageCompositeConverterCore.py
_loadOptionalModule,_load_optional_module,/workspace/ImageConverter/src/iccFs/mF/imageCompositeConverterCore.py
_importWithVendoredFallback,_import_with_vendored_fallback,/workspace/ImageConverter/src/iccFs/mF/imageCompositeConverterCore.py
_clip,_clip,/workspace/ImageConverter/src/iccFs/mF/imageCompositeConverterCore.py
abstand,abstand,/workspace/ImageConverter/src/iccFs/mF/imageCompositeConverterCore.py
buildOrientedKelle,buildOrientedKelle,/workspace/ImageConverter/src/iccFs/mF/imageCompositeConverterCore.py
loadGrayscaleImage,loadGrayscaleImage,/workspace/ImageConverter/src/iccFs/mF/imageCompositeConverterCore.py
_createDiffImageWithoutCv2,_createDiffImageWithoutCv2,/workspace/ImageConverter/src/iccFs/mF/imageCompositeConverterCore.py
_computeOtsuThreshold,_compute_otsu_threshold,/workspace/ImageConverter/src/iccFs/mF/imageCompositeConverterCore.py
_adaptiveThreshold,_adaptive_threshold,/workspace/ImageConverter/src/iccFs/mF/imageCompositeConverterCore.py
loadBinaryImageWithMode,loadBinaryImageWithMode,/workspace/ImageConverter/src/iccFs/mF/imageCompositeConverterCore.py
renderCandidateMask,renderCandidateMask,/workspace/ImageConverter/src/iccFs/mF/imageCompositeConverterCore.py
_iou,_iou,/workspace/ImageConverter/src/iccFs/mF/imageCompositeConverterCore.py
scoreCandidate,scoreCandidate,/workspace/ImageConverter/src/iccFs/mF/imageCompositeConverterCore.py
randomNeighbor,randomNeighbor,/workspace/ImageConverter/src/iccFs/mF/imageCompositeConverterCore.py
optimizeElement,optimizeElement,/workspace/ImageConverter/src/iccFs/mF/imageCompositeConverterCore.py
_grayToHex,_gray_to_hex,/workspace/ImageConverter/src/iccFs/mF/imageCompositeConverterCore.py
estimateStrokeStyle,estimateStrokeStyle,/workspace/ImageConverter/src/iccFs/mF/imageCompositeConverterCore.py
candidateToSvg,candidateToSvg,/workspace/ImageConverter/src/iccFs/mF/imageCompositeConverterCore.py
decomposeCircleWithStem,decomposeCircleWithStem,/workspace/ImageConverter/src/iccFs/mF/imageCompositeConverterCore.py
_missingRequiredImageDependencies,_missingRequiredImageDependencies,/workspace/ImageConverter/src/iccFs/mF/imageCompositeConverterCore.py
rgbToHex,rgbToHex,/workspace/ImageConverter/src/iccFs/mF/imageCompositeConverterCore.py
_loadDescriptionMappingFromCsv,_loadDescriptionMappingFromCsv,/workspace/ImageConverter/src/iccFs/mF/imageCompositeConverterCore.py
_loadDescriptionMappingFromXml,_loadDescriptionMappingFromXml,/workspace/ImageConverter/src/iccFs/mF/imageCompositeConverterCore.py
_resolveDescriptionXmlPath,_resolveDescriptionXmlPath,/workspace/ImageConverter/src/iccFs/mF/imageCompositeConverterCore.py
_renderSvgToNumpyInprocess,_renderSvgToNumpyInprocess,/workspace/ImageConverter/src/iccFs/mF/imageCompositeConverterCore.py
_renderSvgToNumpyViaSubprocess,_render_svg_to_numpy_via_subprocess,/workspace/ImageConverter/src/iccFs/mF/imageCompositeConverterCore.py
_semanticQualityFlags,_semantic_quality_flags,/workspace/ImageConverter/src/iccFs/mF/imageCompositeConverterCore.py
runIterationPipeline,runIterationPipeline,/workspace/ImageConverter/src/iccFs/mF/imageCompositeConverterCore.py
_extractSymbolFamily,_extractSymbolFamily,/workspace/ImageConverter/src/iccFs/mF/imageCompositeConverterCore.py
_conversionRandom,_conversionRandom,/workspace/ImageConverter/src/iccFs/mF/imageCompositeConverterCore.py
_defaultConvertedSymbolsRoot,_defaultConvertedSymbolsRoot,/workspace/ImageConverter/src/iccFs/mF/imageCompositeConverterCore.py
_convertedSvgOutputDir,_convertedSvgOutputDir,/workspace/ImageConverter/src/iccFs/mF/imageCompositeConverterCore.py
_readValidationLogDetails,_readValidationLogDetails,/workspace/ImageConverter/src/iccFs/mF/imageCompositeConverterCore.py
_writeBatchFailureSummary,_writeBatchFailureSummary,/workspace/ImageConverter/src/iccFs/mF/imageCompositeConverterCore.py
_collectDescriptionFragments,_collect_description_fragments,/workspace/ImageConverter/src/iccFs/mF/imageCompositeConverterCore.py
_semanticAuditRecord,_semantic_audit_record,/workspace/ImageConverter/src/iccFs/mF/imageCompositeConverterCore.py
_writeSemanticAuditReport,_writeSemanticAuditReport,/workspace/ImageConverter/src/iccFs/mF/imageCompositeConverterCore.py
_diffOutputDir,_diffOutputDir,/workspace/ImageConverter/src/iccFs/mF/imageCompositeConverterCore.py
_reportsOutputDir,_reportsOutputDir,/workspace/ImageConverter/src/iccFs/mF/imageCompositeConverterCore.py
_isSemanticTemplateVariant,_isSemanticTemplateVariant,/workspace/ImageConverter/src/iccFs/mF/imageCompositeConverterCore.py
_loadExistingConversionRows,_loadExistingConversionRows,/workspace/ImageConverter/src/iccFs/mF/imageCompositeConverterCore.py
_sniffRasterSize,_sniffRasterSize,/workspace/ImageConverter/src/iccFs/mF/imageCompositeConverterCore.py
_svgHrefMimeType,_svgHrefMimeType,/workspace/ImageConverter/src/iccFs/mF/imageCompositeConverterCore.py
_renderEmbeddedRasterSvg,_renderEmbeddedRasterSvg,/workspace/ImageConverter/src/iccFs/mF/imageCompositeConverterCore.py
_qualityConfigPath,_qualityConfigPath,/workspace/ImageConverter/src/iccFs/mF/imageCompositeConverterCore.py
_loadQualityConfig,_loadQualityConfig,/workspace/ImageConverter/src/iccFs/mF/imageCompositeConverterCore.py
_writeQualityConfig,_writeQualityConfig,/workspace/ImageConverter/src/iccFs/mF/imageCompositeConverterCore.py
_qualitySortKey,_quality_sort_key,/workspace/ImageConverter/src/iccFs/mF/imageCompositeConverterCore.py
_computeSuccessfulConversionsErrorThreshold,_computeSuccessfulConversionsErrorThreshold,/workspace/ImageConverter/src/iccFs/mF/imageCompositeConverterCore.py
_selectMiddleLowerTercile,_selectMiddleLowerTercile,/workspace/ImageConverter/src/iccFs/mF/imageCompositeConverterCore.py
_selectOpenQualityCases,_selectOpenQualityCases,/workspace/ImageConverter/src/iccFs/mF/imageCompositeConverterCore.py
_writeQualityPassReport,_writeQualityPassReport,/workspace/ImageConverter/src/iccFs/mF/imageCompositeConverterCore.py
_extractSvgInner,_extractSvgInner,/workspace/ImageConverter/src/iccFs/mF/imageCompositeConverterCore.py
_buildTransformedSvgFromTemplate,_buildTransformedSvgFromTemplate,/workspace/ImageConverter/src/iccFs/mF/imageCompositeConverterCore.py
_templateTransferScaleCandidates,_templateTransferScaleCandidates,/workspace/ImageConverter/src/iccFs/mF/imageCompositeConverterCore.py
_estimateTemplateTransferScale,_estimateTemplateTransferScale,/workspace/ImageConverter/src/iccFs/mF/imageCompositeConverterCore.py
_templateTransferTransformCandidates,_templateTransferTransformCandidates,/workspace/ImageConverter/src/iccFs/mF/imageCompositeConverterCore.py
_rankTemplateTransferDonors,_rankTemplateTransferDonors,/workspace/ImageConverter/src/iccFs/mF/imageCompositeConverterCore.py
_templateTransferDonorFamilyCompatible,_templateTransferDonorFamilyCompatible,/workspace/ImageConverter/src/iccFs/mF/imageCompositeConverterCore.py
_semanticTransferIsCompatible,_semanticTransferIsCompatible,/workspace/ImageConverter/src/iccFs/mF/imageCompositeConverterCore.py
_semanticTransferScaleCandidates,_semanticTransferScaleCandidates,/workspace/ImageConverter/src/iccFs/mF/imageCompositeConverterCore.py
_semanticTransferBadgeParams,_semanticTransferBadgeParams,/workspace/ImageConverter/src/iccFs/mF/imageCompositeConverterCore.py
_tryTemplateTransfer,_tryTemplateTransfer,/workspace/ImageConverter/src/iccFs/mF/imageCompositeConverterCore.py
_readSvgGeometry,_readSvgGeometry,/workspace/ImageConverter/src/iccFs/mF/imageCompositeConverterCore.py
_scaleBadgeParams,_scaleBadgeParams,/workspace/ImageConverter/src/iccFs/mF/imageCompositeConverterCore.py
_harmonizationAnchorPriority,_harmonization_anchor_priority,/workspace/ImageConverter/src/iccFs/mF/imageCompositeConverterCore.py
_familyHarmonizedBadgeColors,_familyHarmonizedBadgeColors,/workspace/ImageConverter/src/iccFs/mF/imageCompositeConverterCore.py
_harmonizeSemanticSizeVariants,_harmonizeSemanticSizeVariants,/workspace/ImageConverter/src/iccFs/mF/imageCompositeConverterCore.py
_writeAc08RegressionManifest,_writeAc08RegressionManifest,/workspace/ImageConverter/src/iccFs/mF/imageCompositeConverterCore.py
_summarizePreviousGoodAc08Variants,_summarizePreviousGoodAc08Variants,/workspace/ImageConverter/src/iccFs/mF/imageCompositeConverterCore.py
_writeAc08SuccessCriteriaReport,_writeAc08SuccessCriteriaReport,/workspace/ImageConverter/src/iccFs/mF/imageCompositeConverterCore.py
_writeAc08WeakFamilyStatusReport,_writeAc08WeakFamilyStatusReport,/workspace/ImageConverter/src/iccFs/mF/imageCompositeConverterCore.py
_writePixelDelta2Ranking,_writePixelDelta2Ranking,/workspace/ImageConverter/src/iccFs/mF/imageCompositeConverterCore.py
_loadIterationLogRows,_loadIterationLogRows,/workspace/ImageConverter/src/iccFs/mF/imageCompositeConverterCore.py
_findImagePathByVariant,_findImagePathByVariant,/workspace/ImageConverter/src/iccFs/mF/imageCompositeConverterCore.py
collectSuccessfulConversionQualityMetrics,collectSuccessfulConversionQualityMetrics,/workspace/ImageConverter/src/iccFs/mF/imageCompositeConverterCore.py
_successfulConversionMetricsAvailable,_successfulConversionMetricsAvailable,/workspace/ImageConverter/src/iccFs/mF/imageCompositeConverterCore.py
_parseSuccessfulConversionManifestLine,_parseSuccessfulConversionManifestLine,/workspace/ImageConverter/src/iccFs/mF/imageCompositeConverterCore.py
_readSuccessfulConversionManifestMetrics,_readSuccessfulConversionManifestMetrics,/workspace/ImageConverter/src/iccFs/mF/imageCompositeConverterCore.py
_successfulConversionSnapshotDir,_successfulConversionSnapshotDir,/workspace/ImageConverter/src/iccFs/mF/imageCompositeConverterCore.py
_successfulConversionSnapshotPaths,_successfulConversionSnapshotPaths,/workspace/ImageConverter/src/iccFs/mF/imageCompositeConverterCore.py
_restoreSuccessfulConversionSnapshot,_restoreSuccessfulConversionSnapshot,/workspace/ImageConverter/src/iccFs/mF/imageCompositeConverterCore.py
_storeSuccessfulConversionSnapshot,_storeSuccessfulConversionSnapshot,/workspace/ImageConverter/src/iccFs/mF/imageCompositeConverterCore.py
_isSuccessfulConversionCandidateBetter,_isSuccessfulConversionCandidateBetter,/workspace/ImageConverter/src/iccFs/mF/imageCompositeConverterCore.py
_formatSuccessfulConversionManifestLine,_formatSuccessfulConversionManifestLine,/workspace/ImageConverter/src/iccFs/mF/imageCompositeConverterCore.py
_latestFailedConversionManifestEntry,_latestFailedConversionManifestEntry,/workspace/ImageConverter/src/iccFs/mF/imageCompositeConverterCore.py
updateSuccessfulConversionsManifestWithMetrics,updateSuccessfulConversionsManifestWithMetrics,/workspace/ImageConverter/src/iccFs/mF/imageCompositeConverterCore.py
_writeSuccessfulConversionCsvTable,_write_successful_conversion_csv_table,/workspace/ImageConverter/src/iccFs/mF/imageCompositeConverterCore.py
writeSuccessfulConversionQualityReport,writeSuccessfulConversionQualityReport,/workspace/ImageConverter/src/iccFs/mF/imageCompositeConverterCore.py
_autoDetectCsvPath,_autoDetectCsvPath,/workspace/ImageConverter/src/iccFs/mF/imageCompositeConverterCore.py
_dottedAttrName,_dotted_attr_name,/workspace/ImageConverter/src/iccFs/mF/imageCompositeConverterCore.py
_moduleCallEdgesForPath,_moduleCallEdgesForPath,/workspace/ImageConverter/src/iccFs/mF/imageCompositeConverterCore.py
_snakeToCamelFilename,_snake_to_camel_filename,/workspace/ImageConverter/src/iccFs/mF/imageCompositeConverterCore.py
_snake_to_camel_name,_snake_to_camel_name,/workspace/ImageConverter/src/iccFs/mF/imageCompositeConverterCore.py
_loadMainfileFunction,_load_mainfile_function,/workspace/ImageConverter/src/iccFs/mF/imageCompositeConverterCore.py
__post_init__,__post_init__,/workspace/ImageConverter/src/iccFs/mF/imageCompositeConverterCore.py
to_hex,to_hex,/workspace/ImageConverter/src/iccFs/mF/imageCompositeConverterCore.py
__post_init__,__post_init__,/workspace/ImageConverter/src/iccFs/mF/imageCompositeConverterCore.py
laenge,laenge,/workspace/ImageConverter/src/iccFs/mF/imageCompositeConverterCore.py
__post_init__,__post_init__,/workspace/ImageConverter/src/iccFs/mF/imageCompositeConverterCore.py
to_svg,to_svg,/workspace/ImageConverter/src/iccFs/mF/imageCompositeConverterCore.py
from_params,from_params,/workspace/ImageConverter/src/iccFs/mF/imageCompositeConverterCore.py
apply_to_params,apply_to_params,/workspace/ImageConverter/src/iccFs/mF/imageCompositeConverterCore.py
__post_init__,__post_init__,/workspace/ImageConverter/src/iccFs/mF/imageCompositeConverterCore.py
_load_descriptions,_load_descriptions,/workspace/ImageConverter/src/iccFs/mF/imageCompositeConverterCore.py
format,format,/workspace/ImageConverter/src/iccFs/mF/imageCompositeConverterCore.py
__init__,__init__,/workspace/ImageConverter/src/iccFs/mF/imageCompositeConverterCore.py
__str__,__str__,/workspace/ImageConverter/src/iccFs/mF/imageCompositeConverterCore.py
_registerDescription,_registerDescription,/workspace/ImageConverter/src/iccFs/mF/imageCompositeConverterCore.py
_mergeEntryAndImageDesc,_mergeEntryAndImageDesc,/workspace/ImageConverter/src/iccFs/mF/imageCompositeConverterCore.py
_extractImageSpecificDescription,_extractImageSpecificDescription,/workspace/ImageConverter/src/iccFs/mF/imageCompositeConverterCore.py
__init__,__init__,/workspace/ImageConverter/src/iccFs/mF/imageCompositeConverterCore.py
parse_description,parse_description,/workspace/ImageConverter/src/iccFs/mF/imageCompositeConverterCore.py
_extract_documented_alias_refs,_extract_documented_alias_refs,/workspace/ImageConverter/src/iccFs/mF/imageCompositeConverterCore.py
_parse_semantic_badge_layout_overrides,_parse_semantic_badge_layout_overrides,/workspace/ImageConverter/src/iccFs/mF/imageCompositeConverterCore.py
grayhex,grayhex,/workspace/ImageConverter/src/iccFs/mF/imageCompositeConverterCore.py
_snap_half,_snap_half,/workspace/ImageConverter/src/iccFs/mF/imageCompositeConverterCore.py
_clipScalar,_clipScalar,/workspace/ImageConverter/src/iccFs/mF/imageCompositeConverterCore.py
_make_rng,_make_rng,/workspace/ImageConverter/src/iccFs/mF/imageCompositeConverterCore.py
_argmin_index,_argmin_index,/workspace/ImageConverter/src/iccFs/mF/imageCompositeConverterCore.py
_snap_int_px,_snap_int_px,/workspace/ImageConverter/src/iccFs/mF/imageCompositeConverterCore.py
_max_circle_radius_inside_canvas,_max_circle_radius_inside_canvas,/workspace/ImageConverter/src/iccFs/mF/imageCompositeConverterCore.py
_is_circle_with_text,_is_circle_with_text,/workspace/ImageConverter/src/iccFs/mF/imageCompositeConverterCore.py
_apply_circle_text_width_constraint,_apply_circle_text_width_constraint,/workspace/ImageConverter/src/iccFs/mF/imageCompositeConverterCore.py
_apply_circle_text_radius_floor,_apply_circle_text_radius_floor,/workspace/ImageConverter/src/iccFs/mF/imageCompositeConverterCore.py
_clamp_circle_inside_canvas,_clamp_circle_inside_canvas,/workspace/ImageConverter/src/iccFs/mF/imageCompositeConverterCore.py
apply_redraw_variation,apply_redraw_variation,/workspace/ImageConverter/src/iccFs/mF/imageCompositeConverterCore.py
_enforce_circle_connector_symmetry,_enforce_circle_connector_symmetry,/workspace/ImageConverter/src/iccFs/mF/imageCompositeConverterCore.py
_quantize_badge_params,_quantize_badge_params,/workspace/ImageConverter/src/iccFs/mF/imageCompositeConverterCore.py
_normalize_light_circle_colors,_normalize_light_circle_colors,/workspace/ImageConverter/src/iccFs/mF/imageCompositeConverterCore.py
_normalize_ac08_line_widths,_normalize_ac08_line_widths,/workspace/ImageConverter/src/iccFs/mF/imageCompositeConverterCore.py
_estimate_border_background_gray,_estimate_border_background_gray,/workspace/ImageConverter/src/iccFs/mF/imageCompositeConverterCore.py
_estimate_circle_tones_and_stroke,_estimate_circle_tones_and_stroke,/workspace/ImageConverter/src/iccFs/mF/imageCompositeConverterCore.py
_persist_connector_length_floor,_persist_connector_length_floor,/workspace/ImageConverter/src/iccFs/mF/imageCompositeConverterCore.py
_is_ac08_small_variant,_is_ac08_small_variant,/workspace/ImageConverter/src/iccFs/mF/imageCompositeConverterCore.py
_configure_ac08_small_variant_mode,_configure_ac08_small_variant_mode,/workspace/ImageConverter/src/iccFs/mF/imageCompositeConverterCore.py
_enforce_template_circle_edge_extent,_enforce_template_circle_edge_extent,/workspace/ImageConverter/src/iccFs/mF/imageCompositeConverterCore.py
_tune_ac08_left_connector_family,_tune_ac08_left_connector_family,/workspace/ImageConverter/src/iccFs/mF/imageCompositeConverterCore.py
_tune_ac08_right_connector_family,_tune_ac08_right_connector_family,/workspace/ImageConverter/src/iccFs/mF/imageCompositeConverterCore.py
_enforce_vertical_connector_badge_geometry,_enforce_vertical_connector_badge_geometry,/workspace/ImageConverter/src/iccFs/mF/imageCompositeConverterCore.py
_tune_ac08_vertical_connector_family,_tune_ac08_vertical_connector_family,/workspace/ImageConverter/src/iccFs/mF/imageCompositeConverterCore.py
_tune_ac08_circle_text_family,_tune_ac08_circle_text_family,/workspace/ImageConverter/src/iccFs/mF/imageCompositeConverterCore.py
_finalizeAc08Style,_finalizeAc08Style,/workspace/ImageConverter/src/iccFs/mF/imageCompositeConverterCore.py
_enforce_semantic_component_contract,_enforce_semantic_component_contract,/workspace/ImageConverter/src/iccFs/mF/imageCompositeConverterCore.py
_activate_ac08_adaptive_locks,_activate_ac08_adaptive_locks,/workspace/ImageConverter/src/iccFs/mF/imageCompositeConverterCore.py
_release_ac08_adaptive_locks,_release_ac08_adaptive_locks,/workspace/ImageConverter/src/iccFs/mF/imageCompositeConverterCore.py
_align_stem_to_circle_center,_align_stem_to_circle_center,/workspace/ImageConverter/src/iccFs/mF/imageCompositeConverterCore.py
_default_ac0870_params,_default_ac0870_params,/workspace/ImageConverter/src/iccFs/mF/imageCompositeConverterCore.py
_default_ac0881_params,_default_ac0881_params,/workspace/ImageConverter/src/iccFs/mF/imageCompositeConverterCore.py
_default_ac081x_shared,_default_ac081x_shared,/workspace/ImageConverter/src/iccFs/mF/imageCompositeConverterCore.py
_default_edge_anchored_circle_geometry,_default_edge_anchored_circle_geometry,/workspace/ImageConverter/src/iccFs/mF/imageCompositeConverterCore.py
_default_ac0811_params,_default_ac0811_params,/workspace/ImageConverter/src/iccFs/mF/imageCompositeConverterCore.py
_estimate_upper_circle_from_foreground,_estimate_upper_circle_from_foreground,/workspace/ImageConverter/src/iccFs/mF/imageCompositeConverterCore.py
_fit_ac0811_params_from_image,_fit_ac0811_params_from_image,/workspace/ImageConverter/src/iccFs/mF/imageCompositeConverterCore.py
_default_ac0882_params,_default_ac0882_params,/workspace/ImageConverter/src/iccFs/mF/imageCompositeConverterCore.py
_apply_co2_label,_apply_co2_label,/workspace/ImageConverter/src/iccFs/mF/imageCompositeConverterCore.py
_co2_layout,_co2_layout,/workspace/ImageConverter/src/iccFs/mF/imageCompositeConverterCore.py
_apply_voc_label,_apply_voc_label,/workspace/ImageConverter/src/iccFs/mF/imageCompositeConverterCore.py
_tune_ac0832_co2_badge,_tune_ac0832_co2_badge,/workspace/ImageConverter/src/iccFs/mF/imageCompositeConverterCore.py
_tune_ac0831_co2_badge,_tune_ac0831_co2_badge,/workspace/ImageConverter/src/iccFs/mF/imageCompositeConverterCore.py
_tune_ac0835_voc_badge,_tune_ac0835_voc_badge,/workspace/ImageConverter/src/iccFs/mF/imageCompositeConverterCore.py
_tune_ac0833_co2_badge,_tune_ac0833_co2_badge,/workspace/ImageConverter/src/iccFs/mF/imageCompositeConverterCore.py
_tune_ac0834_co2_badge,_tune_ac0834_co2_badge,/workspace/ImageConverter/src/iccFs/mF/imageCompositeConverterCore.py
_default_ac0834_params,_default_ac0834_params,/workspace/ImageConverter/src/iccFs/mF/imageCompositeConverterCore.py
_normalize_centered_co2_label,_normalize_centered_co2_label,/workspace/ImageConverter/src/iccFs/mF/imageCompositeConverterCore.py
_default_ac0812_params,_default_ac0812_params,/workspace/ImageConverter/src/iccFs/mF/imageCompositeConverterCore.py
_fit_ac0812_params_from_image,_fit_ac0812_params_from_image,/workspace/ImageConverter/src/iccFs/mF/imageCompositeConverterCore.py
_enforce_left_arm_badge_geometry,_enforce_left_arm_badge_geometry,/workspace/ImageConverter/src/iccFs/mF/imageCompositeConverterCore.py
_enforce_right_arm_badge_geometry,_enforce_right_arm_badge_geometry,/workspace/ImageConverter/src/iccFs/mF/imageCompositeConverterCore.py
_default_ac0813_params,_default_ac0813_params,/workspace/ImageConverter/src/iccFs/mF/imageCompositeConverterCore.py
_fit_ac0813_params_from_image,_fit_ac0813_params_from_image,/workspace/ImageConverter/src/iccFs/mF/imageCompositeConverterCore.py
_rotate_semantic_badge_clockwise,_rotate_semantic_badge_clockwise,/workspace/ImageConverter/src/iccFs/mF/imageCompositeConverterCore.py
_default_ac0814_params,_default_ac0814_params,/workspace/ImageConverter/src/iccFs/mF/imageCompositeConverterCore.py
_fit_ac0814_params_from_image,_fit_ac0814_params_from_image,/workspace/ImageConverter/src/iccFs/mF/imageCompositeConverterCore.py
_default_ac0810_params,_default_ac0810_params,/workspace/ImageConverter/src/iccFs/mF/imageCompositeConverterCore.py
_fit_ac0810_params_from_image,_fit_ac0810_params_from_image,/workspace/ImageConverter/src/iccFs/mF/imageCompositeConverterCore.py
_glyph_bbox,_glyph_bbox,/workspace/ImageConverter/src/iccFs/mF/imageCompositeConverterCore.py
_center_glyph_bbox,_center_glyph_bbox,/workspace/ImageConverter/src/iccFs/mF/imageCompositeConverterCore.py
_stabilize_semantic_circle_pose,_stabilize_semantic_circle_pose,/workspace/ImageConverter/src/iccFs/mF/imageCompositeConverterCore.py
_fit_ac0870_params_from_image,_fit_ac0870_params_from_image,/workspace/ImageConverter/src/iccFs/mF/imageCompositeConverterCore.py
_fit_semantic_badge_from_image,_fit_semantic_badge_from_image,/workspace/ImageConverter/src/iccFs/mF/imageCompositeConverterCore.py
make_badge_params,make_badge_params,/workspace/ImageConverter/src/iccFs/mF/imageCompositeConverterCore.py
generateBadgeSvg,generateBadgeSvg,/workspace/ImageConverter/src/iccFs/mF/imageCompositeConverterCore.py
trace_image_segment,trace_image_segment,/workspace/ImageConverter/src/iccFs/mF/imageCompositeConverterCore.py
generate_composite_svg,generate_composite_svg,/workspace/ImageConverter/src/iccFs/mF/imageCompositeConverterCore.py
renderSvgToNumpy,renderSvgToNumpy,/workspace/ImageConverter/src/iccFs/mF/imageCompositeConverterCore.py
createDiffImage,createDiffImage,/workspace/ImageConverter/src/iccFs/mF/imageCompositeConverterCore.py
calculateError,calculateError,/workspace/ImageConverter/src/iccFs/mF/imageCompositeConverterCore.py
calculateDelta2Stats,calculateDelta2Stats,/workspace/ImageConverter/src/iccFs/mF/imageCompositeConverterCore.py
_fit_to_original_size,_fit_to_original_size,/workspace/ImageConverter/src/iccFs/mF/imageCompositeConverterCore.py
_mask_centroid_radius,_mask_centroid_radius,/workspace/ImageConverter/src/iccFs/mF/imageCompositeConverterCore.py
_maskBbox,_maskBbox,/workspace/ImageConverter/src/iccFs/mF/imageCompositeConverterCore.py
_mask_center_size,_mask_center_size,/workspace/ImageConverter/src/iccFs/mF/imageCompositeConverterCore.py
_mask_min_rect_center_diag,_mask_min_rect_center_diag,/workspace/ImageConverter/src/iccFs/mF/imageCompositeConverterCore.py
_element_bbox_change_is_plausible,_element_bbox_change_is_plausible,/workspace/ImageConverter/src/iccFs/mF/imageCompositeConverterCore.py
_apply_element_alignment_step,_apply_element_alignment_step,/workspace/ImageConverter/src/iccFs/mF/imageCompositeConverterCore.py
_estimate_vertical_stem_from_mask,_estimate_vertical_stem_from_mask,/workspace/ImageConverter/src/iccFs/mF/imageCompositeConverterCore.py
_ring_and_fill_masks,_ring_and_fill_masks,/workspace/ImageConverter/src/iccFs/mF/imageCompositeConverterCore.py
_mean_gray_for_mask,_mean_gray_for_mask,/workspace/ImageConverter/src/iccFs/mF/imageCompositeConverterCore.py
_element_region_mask,_element_region_mask,/workspace/ImageConverter/src/iccFs/mF/imageCompositeConverterCore.py
_text_bbox,_text_bbox,/workspace/ImageConverter/src/iccFs/mF/imageCompositeConverterCore.py
_foregroundMask,_foregroundMask,/workspace/ImageConverter/src/iccFs/mF/imageCompositeConverterCore.py
_circle_from_foreground_mask,_circle_from_foreground_mask,/workspace/ImageConverter/src/iccFs/mF/imageCompositeConverterCore.py
_mask_supports_circle,_mask_supports_circle,/workspace/ImageConverter/src/iccFs/mF/imageCompositeConverterCore.py
extract_badge_element_mask,extract_badge_element_mask,/workspace/ImageConverter/src/iccFs/mF/imageCompositeConverterCore.py
_element_only_params,_element_only_params,/workspace/ImageConverter/src/iccFs/mF/imageCompositeConverterCore.py
_masked_error,_masked_error,/workspace/ImageConverter/src/iccFs/mF/imageCompositeConverterCore.py
_union_bbox_from_masks,_union_bbox_from_masks,/workspace/ImageConverter/src/iccFs/mF/imageCompositeConverterCore.py
_masked_union_error_in_bbox,_masked_union_error_in_bbox,/workspace/ImageConverter/src/iccFs/mF/imageCompositeConverterCore.py
_element_match_error,_element_match_error,/workspace/ImageConverter/src/iccFs/mF/imageCompositeConverterCore.py
_capture_canonical_badge_colors,_capture_canonical_badge_colors,/workspace/ImageConverter/src/iccFs/mF/imageCompositeConverterCore.py
_apply_canonical_badge_colors,_apply_canonical_badge_colors,/workspace/ImageConverter/src/iccFs/mF/imageCompositeConverterCore.py
_circle_bounds,_circle_bounds,/workspace/ImageConverter/src/iccFs/mF/imageCompositeConverterCore.py
_global_parameter_vector_bounds,_global_parameter_vector_bounds,/workspace/ImageConverter/src/iccFs/mF/imageCompositeConverterCore.py
_log_global_parameter_vector,_log_global_parameter_vector,/workspace/ImageConverter/src/iccFs/mF/imageCompositeConverterCore.py
_stochastic_survivor_scalar,_stochastic_survivor_scalar,/workspace/ImageConverter/src/iccFs/mF/imageCompositeConverterCore.py
_optimize_circle_pose_stochastic_survivor,_optimize_circle_pose_stochastic_survivor,/workspace/ImageConverter/src/iccFs/mF/imageCompositeConverterCore.py
_optimize_circle_pose_adaptive_domain,_optimize_circle_pose_adaptive_domain,/workspace/ImageConverter/src/iccFs/mF/imageCompositeConverterCore.py
_full_badge_error_for_params,_full_badge_error_for_params,/workspace/ImageConverter/src/iccFs/mF/imageCompositeConverterCore.py
_optimize_global_parameter_vector_sampling,_optimize_global_parameter_vector_sampling,/workspace/ImageConverter/src/iccFs/mF/imageCompositeConverterCore.py
_enforce_semantic_connector_expectation,_enforce_semantic_connector_expectation,/workspace/ImageConverter/src/iccFs/mF/imageCompositeConverterCore.py
_element_width_key_and_bounds,_element_width_key_and_bounds,/workspace/ImageConverter/src/iccFs/mF/imageCompositeConverterCore.py
_element_error_for_width,_element_error_for_width,/workspace/ImageConverter/src/iccFs/mF/imageCompositeConverterCore.py
_element_error_for_circle_radius,_element_error_for_circle_radius,/workspace/ImageConverter/src/iccFs/mF/imageCompositeConverterCore.py
_full_badge_error_for_circle_radius,_full_badge_error_for_circle_radius,/workspace/ImageConverter/src/iccFs/mF/imageCompositeConverterCore.py
_select_circle_radius_plateau_candidate,_select_circle_radius_plateau_candidate,/workspace/ImageConverter/src/iccFs/mF/imageCompositeConverterCore.py
_element_error_for_circle_pose,_element_error_for_circle_pose,/workspace/ImageConverter/src/iccFs/mF/imageCompositeConverterCore.py
_reanchor_arm_to_circle_edge,_reanchor_arm_to_circle_edge,/workspace/ImageConverter/src/iccFs/mF/imageCompositeConverterCore.py
_optimize_circle_center_bracket,_optimize_circle_center_bracket,/workspace/ImageConverter/src/iccFs/mF/imageCompositeConverterCore.py
_optimize_circle_radius_bracket,_optimize_circle_radius_bracket,/workspace/ImageConverter/src/iccFs/mF/imageCompositeConverterCore.py
_optimize_circle_pose_multistart,_optimize_circle_pose_multistart,/workspace/ImageConverter/src/iccFs/mF/imageCompositeConverterCore.py
_element_error_for_extent,_element_error_for_extent,/workspace/ImageConverter/src/iccFs/mF/imageCompositeConverterCore.py
_optimize_element_extent_bracket,_optimize_element_extent_bracket,/workspace/ImageConverter/src/iccFs/mF/imageCompositeConverterCore.py
_optimize_element_width_bracket,_optimize_element_width_bracket,/workspace/ImageConverter/src/iccFs/mF/imageCompositeConverterCore.py
_element_color_keys,_element_color_keys,/workspace/ImageConverter/src/iccFs/mF/imageCompositeConverterCore.py
_element_error_for_color,_element_error_for_color,/workspace/ImageConverter/src/iccFs/mF/imageCompositeConverterCore.py
_optimize_element_color_bracket,_optimize_element_color_bracket,/workspace/ImageConverter/src/iccFs/mF/imageCompositeConverterCore.py
_refine_stem_geometry_from_masks,_refine_stem_geometry_from_masks,/workspace/ImageConverter/src/iccFs/mF/imageCompositeConverterCore.py
_expected_semantic_presence,_expected_semantic_presence,/workspace/ImageConverter/src/iccFs/mF/imageCompositeConverterCore.py
_semantic_presence_mismatches,_semantic_presence_mismatches,/workspace/ImageConverter/src/iccFs/mF/imageCompositeConverterCore.py
_detect_semantic_primitives,_detect_semantic_primitives,/workspace/ImageConverter/src/iccFs/mF/imageCompositeConverterCore.py
validate_semantic_description_alignment,validate_semantic_description_alignment,/workspace/ImageConverter/src/iccFs/mF/imageCompositeConverterCore.py
validate_badge_by_elements,validate_badge_by_elements,/workspace/ImageConverter/src/iccFs/mF/imageCompositeConverterCore.py
_write_validation_log,_write_validation_log,/workspace/ImageConverter/src/iccFs/mF/imageCompositeConverterCore.py
_params_snapshot,_params_snapshot,/workspace/ImageConverter/src/iccFs/mF/imageCompositeConverterCore.py
_record_render_failure,_record_render_failure,/workspace/ImageConverter/src/iccFs/mF/imageCompositeConverterCore.py
_write_attempt_artifacts,_write_attempt_artifacts,/workspace/ImageConverter/src/iccFs/mF/imageCompositeConverterCore.py
_rotScalePoint,_rotScalePoint,/workspace/ImageConverter/src/iccFs/mF/imageCompositeConverterCore.py
_grayFromHex,_grayFromHex,/workspace/ImageConverter/src/iccFs/mF/imageCompositeConverterCore.py
__init__,__init__,/workspace/ImageConverter/src/iccFs/mF/imageCompositeConverterCore.py
write,write,/workspace/ImageConverter/src/iccFs/mF/imageCompositeConverterCore.py
flush,flush,/workspace/ImageConverter/src/iccFs/mF/imageCompositeConverterCore.py
__init__,__init__,/workspace/ImageConverter/src/iccFs/mF/imageCompositeConverterCore.py
uniform,uniform,/workspace/ImageConverter/src/iccFs/mF/imageCompositeConverterCore.py
normal,normal,/workspace/ImageConverter/src/iccFs/mF/imageCompositeConverterCore.py
_uniform,_uniform,/workspace/ImageConverter/src/iccFs/mF/imageCompositeConverterCore.py
_apply_numeric_jitter,_apply_numeric_jitter,/workspace/ImageConverter/src/iccFs/mF/imageCompositeConverterCore.py
rotate_clockwise,rotate_clockwise,/workspace/ImageConverter/src/iccFs/mF/imageCompositeConverterCore.py
_fmt_value,_fmt_value,/workspace/ImageConverter/src/iccFs/mF/imageCompositeConverterCore.py
eval_pose,eval_pose,/workspace/ImageConverter/src/iccFs/mF/imageCompositeConverterCore.py
clamp_pose,clamp_pose,/workspace/ImageConverter/src/iccFs/mF/imageCompositeConverterCore.py
eval_pose,eval_pose,/workspace/ImageConverter/src/iccFs/mF/imageCompositeConverterCore.py
clamp_vector,clamp_vector,/workspace/ImageConverter/src/iccFs/mF/imageCompositeConverterCore.py
eval_vector,eval_vector,/workspace/ImageConverter/src/iccFs/mF/imageCompositeConverterCore.py
within_hard_bounds,within_hard_bounds,/workspace/ImageConverter/src/iccFs/mF/imageCompositeConverterCore.py
eval_center,eval_center,/workspace/ImageConverter/src/iccFs/mF/imageCompositeConverterCore.py
optimize_axis,optimize_axis,/workspace/ImageConverter/src/iccFs/mF/imageCompositeConverterCore.py
eval_radius,eval_radius,/workspace/ImageConverter/src/iccFs/mF/imageCompositeConverterCore.py
eval_pose,eval_pose,/workspace/ImageConverter/src/iccFs/mF/imageCompositeConverterCore.py
_mask_supports_element,_mask_supports_element,/workspace/ImageConverter/src/iccFs/mF/imageCompositeConverterCore.py
_stagnation_fingerprint,_stagnation_fingerprint,/workspace/ImageConverter/src/iccFs/mF/imageCompositeConverterCore.py
_anchor_rank,_anchor_rank,/workspace/ImageConverter/src/iccFs/mF/imageCompositeConverterCore.py
__init__,__init__,/workspace/ImageConverter/src/iccFs/mF/imageCompositeConverterCore.py
visit_ClassDef,visit_ClassDef,/workspace/ImageConverter/src/iccFs/mF/imageCompositeConverterCore.py
visit_FunctionDef,visit_FunctionDef,/workspace/ImageConverter/src/iccFs/mF/imageCompositeConverterCore.py
visit_AsyncFunctionDef,visit_AsyncFunctionDef,/workspace/ImageConverter/src/iccFs/mF/imageCompositeConverterCore.py
__init__,__init__,/workspace/ImageConverter/src/iccFs/mF/imageCompositeConverterCore.py
_current_scope,_current_scope,/workspace/ImageConverter/src/iccFs/mF/imageCompositeConverterCore.py
visit_ClassDef,visit_ClassDef,/workspace/ImageConverter/src/iccFs/mF/imageCompositeConverterCore.py
visit_FunctionDef,visit_FunctionDef,/workspace/ImageConverter/src/iccFs/mF/imageCompositeConverterCore.py
visit_AsyncFunctionDef,visit_AsyncFunctionDef,/workspace/ImageConverter/src/iccFs/mF/imageCompositeConverterCore.py
visit_call,visit_call,/workspace/ImageConverter/src/iccFs/mF/imageCompositeConverterCore.py
_expandBbox,_expand_bbox,/workspace/ImageConverter/src/iccFs/mF/imageCompositeConverterRegions.py
_bboxToDict,_bbox_to_dict,/workspace/ImageConverter/src/iccFs/mF/imageCompositeConverterRegions.py
detectRelevantRegionsImpl,detectRelevantRegionsImpl,/workspace/ImageConverter/src/iccFs/mF/imageCompositeConverterRegions.py
annotateImageRegionsImpl,annotateImageRegionsImpl,/workspace/ImageConverter/src/iccFs/mF/imageCompositeConverterRegions.py
analyzeRangeImpl,analyzeRangeImpl,/workspace/ImageConverter/src/iccFs/mF/imageCompositeConverterRegions.py
_readRaster,_read_raster,/workspace/ImageConverter/src/iccFs/mF/overviewTiles.py
_renderSvg,_render_svg,/workspace/ImageConverter/src/iccFs/mF/overviewTiles.py
_readPreview,_read_preview,/workspace/ImageConverter/src/iccFs/mF/overviewTiles.py
createTiledOverviewImage,createTiledOverviewImage,/workspace/ImageConverter/src/iccFs/mF/overviewTiles.py
_readSvgText,_read_svg_text,/workspace/ImageConverter/src/iccFs/mF/overviewTiles.py
_extractSvgBounds,_extract_svg_bounds,/workspace/ImageConverter/src/iccFs/mF/overviewTiles.py
_extractSvgInner,_extractSvgInner,/workspace/ImageConverter/src/iccFs/mF/overviewTiles.py
createTiledOverviewSvg,createTiledOverviewSvg,/workspace/ImageConverter/src/iccFs/mF/overviewTiles.py
generateConversionOverviews,generateConversionOverviews,/workspace/ImageConverter/src/iccFs/mF/overviewTiles.py
_resolveOptionalDependencies,_resolve_optional_dependencies,/workspace/ImageConverter/src/iccFs/mF/overviewTiles.py
parseArgs,parseArgs,/workspace/ImageConverter/src/iccFs/mF/parseArgs.py
_iterAvailableSuccessfulConversionVariants,_iter_available_successful_conversion_variants,/workspace/ImageConverter/src/iccFs/mF/successfulConversions.py
_expandSuccessfulConversionManifestEntry,_expand_successful_conversion_manifest_entry,/workspace/ImageConverter/src/iccFs/mF/successfulConversions.py
_loadSuccessfulConversions,_load_successful_conversions,/workspace/ImageConverter/src/iccFs/mF/successfulConversions.py
_buildAc08RegressionCases,_build_ac08_regression_cases,/workspace/ImageConverter/src/iccFs/mF/successfulConversions.py
main,main,/workspace/ImageConverter/src/iccFs/main.py
optionalDependencyBaseDir,optionalDependencyBaseDir,/workspace/ImageConverter/src/iccFs/optionalDependencyBaseDir.py
syncCoreOverrides,syncCoreOverrides,/workspace/ImageConverter/src/iccFs/syncCoreOverrides.py
vendoredSitePackagesDirs,vendoredSitePackagesDirs,/workspace/ImageConverter/src/iccFs/vendoredSitePackagesDirs.py
main,main,/workspace/ImageConverter/src/imageCompositeConverter.py
_camel_to_snake,_camel_to_snake,/workspace/ImageConverter/src/imageCompositeConverter.py
_snake_to_camel,_snake_to_camel,/workspace/ImageConverter/src/imageCompositeConverter.py
_install_snake_aliases,_install_snake_aliases,/workspace/ImageConverter/src/imageCompositeConverter.py
_install_class_snake_aliases,_install_class_snake_aliases,/workspace/ImageConverter/src/imageCompositeConverter.py
_bridge_class_camel_calls_to_snake,_bridge_class_camel_calls_to_snake,/workspace/ImageConverter/src/imageCompositeConverter.py
__setattr__,__setattr__,/workspace/ImageConverter/src/imageCompositeConverter.py
_forwarder,_forwarder,/workspace/ImageConverter/src/imageCompositeConverter.py
