src;src
src/iccFs;src/iccFs
src/iccFs/__init__.py;src/iccFs/__init__.py
src/iccFs/convertRange.py;src/iccFs/convertRange.py
src/iccFs/convert_range.py;src/iccFs/convert_range.py
src/iccFs/load_optional_module.py;src/iccFs/loadOptionalModule.py
src/iccFs/mF;src/iccFs/mF
src/iccFs/mF/_bootstrap_required_image_dependencies.py;src/iccFs/mF/_bootstrapRequiredImageDependencies.py
src/iccFs/mF/_bootstrap_required_image_dependenciesFiles;src/iccFs/mF/_bootstrapRequiredImageDependenciesFiles
src/iccFs/mF/_bootstrap_required_image_dependenciesFiles/_missing_required_image_dependencies.py;src/iccFs/mF/_bootstrapRequiredImageDependenciesFiles/_missingRequiredImageDependencies.py
src/iccFs/mF/_format_user_diagnostic.py;src/iccFs/mF/_formatUserDiagnostic.py
src/iccFs/mF/_format_user_diagnosticFiles;src/iccFs/mF/_formatUserDiagnosticFiles
src/iccFs/mF/_format_user_diagnosticFiles/format.py;src/iccFs/mF/_formatUserDiagnosticFiles/format.py
src/iccFs/mF/_load_description_mapping.py;src/iccFs/mF/_loadDescriptionMapping.py
src/iccFs/mF/_load_description_mappingFiles;src/iccFs/mF/_loadDescriptionMappingFiles
src/iccFs/mF/_load_description_mappingFiles/_load_description_mapping_from_csv.py;src/iccFs/mF/_loadDescriptionMappingFiles/_loadDescriptionMappingFromCsv.py
src/iccFs/mF/_load_description_mappingFiles/_load_description_mapping_from_xml.py;src/iccFs/mF/_loadDescriptionMappingFiles/_loadDescriptionMappingFromXml.py
src/iccFs/mF/_load_description_mappingFiles/_load_description_mapping_from_xmlFiles;src/iccFs/mF/_loadDescriptionMappingFiles/_loadDescriptionMappingFromXmlFiles
src/iccFs/mF/_load_description_mappingFiles/_load_description_mapping_from_xmlFiles/_extract_image_specific_description.py;src/iccFs/mF/_loadDescriptionMappingFiles/_loadDescriptionMappingFromXmlFiles/_extractImageSpecificDescription.py
src/iccFs/mF/_load_description_mappingFiles/_load_description_mapping_from_xmlFiles/_merge_entry_and_image_desc.py;src/iccFs/mF/_loadDescriptionMappingFiles/_loadDescriptionMappingFromXmlFiles/_mergeEntryAndImageDesc.py
src/iccFs/mF/_load_description_mappingFiles/_load_description_mapping_from_xmlFiles/_register_description.py;src/iccFs/mF/_loadDescriptionMappingFiles/_loadDescriptionMappingFromXmlFiles/_registerDescription.py
src/iccFs/mF/_load_description_mappingFiles/_load_description_mapping_from_xmlFiles/_resolve_description_xml_path.py;src/iccFs/mF/_loadDescriptionMappingFiles/_loadDescriptionMappingFromXmlFiles/_resolveDescriptionXmlPath.py
src/iccFs/mF/_optional_log_capture.py;src/iccFs/mF/_optionalLogCapture.py
src/iccFs/mF/_prompt_interactive_range.py;src/iccFs/mF/_promptInteractiveRange.py
src/iccFs/mF/_prompt_interactive_rangeFiles;src/iccFs/mF/_promptInteractiveRangeFiles
src/iccFs/mF/_prompt_interactive_rangeFiles/_extract_ref_parts.py;src/iccFs/mF/_promptInteractiveRangeFiles/_extractRefParts.py
src/iccFs/mF/_prompt_interactive_rangeFiles/_shared_partial_range_token.py;src/iccFs/mF/_promptInteractiveRangeFiles/_sharedPartialRangeToken.py
src/iccFs/mF/_prompt_interactive_rangeFiles/_shared_partial_range_tokenFiles;src/iccFs/mF/_promptInteractiveRangeFiles/_sharedPartialRangeTokenFiles
src/iccFs/mF/_prompt_interactive_rangeFiles/_shared_partial_range_tokenFiles/_compact_range_token.py;src/iccFs/mF/_promptInteractiveRangeFiles/_sharedPartialRangeTokenFiles/_compactRangeToken.py
src/iccFs/mF/_prompt_interactive_rangeFiles/_shared_partial_range_tokenFiles/_compact_range_tokenFiles;src/iccFs/mF/_promptInteractiveRangeFiles/_sharedPartialRangeTokenFiles/_compactRangeTokenFiles
src/iccFs/mF/_prompt_interactive_rangeFiles/_shared_partial_range_tokenFiles/_compact_range_tokenFiles/_normalize_range_token.py;src/iccFs/mF/_promptInteractiveRangeFiles/_sharedPartialRangeTokenFiles/_compactRangeTokenFiles/_normalizeRangeToken.py
src/iccFs/mF/_prompt_interactive_rangeFiles/_shared_partial_range_tokenFiles/_compact_range_tokenFiles/_normalize_range_tokenFiles;src/iccFs/mF/_promptInteractiveRangeFiles/_sharedPartialRangeTokenFiles/_compactRangeTokenFiles/_normalizeRangeTokenFiles
src/iccFs/mF/_prompt_interactive_rangeFiles/_shared_partial_range_tokenFiles/_compact_range_tokenFiles/_normalize_range_tokenFiles/get_base_name_from_file.py;src/iccFs/mF/_promptInteractiveRangeFiles/_sharedPartialRangeTokenFiles/_compactRangeTokenFiles/_normalizeRangeTokenFiles/getBaseNameFromFile.py
src/iccFs/mF/_prompt_interactive_rangeFiles/_shared_partial_range_tokenFiles/_normalize_range_token.py;src/iccFs/mF/_promptInteractiveRangeFiles/_sharedPartialRangeTokenFiles/_normalizeRangeToken.py
src/iccFs/mF/_prompt_interactive_rangeFiles/_shared_partial_range_tokenFiles/_normalize_range_tokenFiles;src/iccFs/mF/_promptInteractiveRangeFiles/_sharedPartialRangeTokenFiles/_normalizeRangeTokenFiles
src/iccFs/mF/_prompt_interactive_rangeFiles/_shared_partial_range_tokenFiles/_normalize_range_tokenFiles/get_base_name_from_file.py;src/iccFs/mF/_promptInteractiveRangeFiles/_sharedPartialRangeTokenFiles/_normalizeRangeTokenFiles/getBaseNameFromFile.py
src/iccFs/mF/_resolve_cli_csv_and_output.py;src/iccFs/mF/_resolveCliCsvAndOutput.py
src/iccFs/mF/_resolve_cli_csv_and_outputFiles;src/iccFs/mF/_resolveCliCsvAndOutputFiles
src/iccFs/mF/_resolve_cli_csv_and_outputFiles/_auto_detect_csv_path.py;src/iccFs/mF/_resolveCliCsvAndOutputFiles/_autoDetectCsvPath.py
src/iccFs/mF/_resolve_cli_csv_and_outputFiles/_resolve_description_xml_path.py;src/iccFs/mF/_resolveCliCsvAndOutputFiles/_resolveDescriptionXmlPath.py
src/iccFs/mF/_run_svg_render_subprocess_entrypoint.py;src/iccFs/mF/_runSvgRenderSubprocessEntrypoint.py
src/iccFs/mF/_run_svg_render_subprocess_entrypointFiles;src/iccFs/mF/_runSvgRenderSubprocessEntrypointFiles
src/iccFs/mF/_run_svg_render_subprocess_entrypointFiles/_render_svg_to_numpy_inprocess.py;src/iccFs/mF/_runSvgRenderSubprocessEntrypointFiles/_renderSvgToNumpyInprocess.py
src/iccFs/mF/_run_svg_render_subprocess_entrypointFiles/write.py;src/iccFs/mF/_runSvgRenderSubprocessEntrypointFiles/write.py
src/iccFs/mF/analyze_range.py;src/iccFs/mF/analyzeRange.py
src/iccFs/mF/build_linux_vendor_install_command.py;src/iccFs/mF/buildLinuxVendorInstallCommand.py
src/iccFs/mF/build_linux_vendor_install_commandFiles;src/iccFs/mF/buildLinuxVendorInstallCommandFiles
src/iccFs/mF/build_linux_vendor_install_commandFiles/_required_vendor_packages.py;src/iccFs/mF/buildLinuxVendorInstallCommandFiles/_requiredVendorPackages.py
src/iccFs/mF/convert_image.py;src/iccFs/mF/convertImage.py
src/iccFs/mF/convert_image_variants.py;src/iccFs/mF/convertImageVariants.py
src/iccFs/mF/convert_range.py;src/iccFs/mF/convert_range.py
src/iccFs/mF/convert_rangeFiles;src/iccFs/mF/convertRangeFiles
src/iccFs/mF/convert_rangeFiles/_adaptive_iteration_budget_for_quality_row.py;src/iccFs/mF/convertRangeFiles/_adaptiveIterationBudgetForQualityRow.py
src/iccFs/mF/convert_rangeFiles/_compute_successful_conversions_error_threshold.py;src/iccFs/mF/convertRangeFiles/_computeSuccessfulConversionsErrorThreshold.py
src/iccFs/mF/convert_rangeFiles/_conversion_random.py;src/iccFs/mF/convertRangeFiles/_conversionRandom.py
src/iccFs/mF/convert_rangeFiles/_convert_one.py;src/iccFs/mF/convertRangeFiles/_convertOne.py
src/iccFs/mF/convert_rangeFiles/_converted_svg_output_dir.py;src/iccFs/mF/convertRangeFiles/_convertedSvgOutputDir.py
src/iccFs/mF/convert_rangeFiles/_create_diff_image_without_cv2.py;src/iccFs/mF/convertRangeFiles/_createDiffImageWithoutCv2.py
src/iccFs/mF/convert_rangeFiles/_default_converted_symbols_root.py;src/iccFs/mF/convertRangeFiles/_defaultConvertedSymbolsRoot.py
src/iccFs/mF/convert_rangeFiles/_diff_output_dir.py;src/iccFs/mF/convertRangeFiles/_diffOutputDir.py
src/iccFs/mF/convert_rangeFiles/_evaluate_quality_pass_candidate.py;src/iccFs/mF/convertRangeFiles/_evaluateQualityPassCandidate.py
src/iccFs/mF/convert_rangeFiles/_harmonize_semantic_size_variants.py;src/iccFs/mF/convertRangeFiles/_harmonizeSemanticSizeVariants.py
src/iccFs/mF/convert_rangeFiles/_harmonize_semantic_size_variantsFiles;src/iccFs/mF/convertRangeFiles/_harmonizeSemanticSizeVariantsFiles
src/iccFs/mF/convert_rangeFiles/_harmonize_semantic_size_variantsFiles/_family_harmonized_badge_colors.py;src/iccFs/mF/convertRangeFiles/_harmonizeSemanticSizeVariantsFiles/_familyHarmonizedBadgeColors.py
src/iccFs/mF/convert_rangeFiles/_harmonize_semantic_size_variantsFiles/_family_harmonized_badge_colorsFiles;src/iccFs/mF/convertRangeFiles/_harmonizeSemanticSizeVariantsFiles/_familyHarmonizedBadgeColorsFiles
src/iccFs/mF/convert_rangeFiles/_harmonize_semantic_size_variantsFiles/_family_harmonized_badge_colorsFiles/_clip_gray.py;src/iccFs/mF/convertRangeFiles/_harmonizeSemanticSizeVariantsFiles/_familyHarmonizedBadgeColorsFiles/_clipGray.py
src/iccFs/mF/convert_rangeFiles/_harmonize_semantic_size_variantsFiles/_max_signature_delta.py;src/iccFs/mF/convertRangeFiles/_harmonizeSemanticSizeVariantsFiles/_maxSignatureDelta.py
src/iccFs/mF/convert_rangeFiles/_harmonize_semantic_size_variantsFiles/_normalized_geometry_signature.py;src/iccFs/mF/convertRangeFiles/_harmonizeSemanticSizeVariantsFiles/_normalizedGeometrySignature.py
src/iccFs/mF/convert_rangeFiles/_harmonize_semantic_size_variantsFiles/_read_svg_geometry.py;src/iccFs/mF/convertRangeFiles/_harmonizeSemanticSizeVariantsFiles/_readSvgGeometry.py
src/iccFs/mF/convert_rangeFiles/_harmonize_semantic_size_variantsFiles/_read_svg_geometryFiles;src/iccFs/mF/convertRangeFiles/_harmonizeSemanticSizeVariantsFiles/_readSvgGeometryFiles
src/iccFs/mF/convert_rangeFiles/_harmonize_semantic_size_variantsFiles/_read_svg_geometryFiles/_gray_from_hex.py;src/iccFs/mF/convertRangeFiles/_harmonizeSemanticSizeVariantsFiles/_readSvgGeometryFiles/_grayFromHex.py
src/iccFs/mF/convert_rangeFiles/_harmonize_semantic_size_variantsFiles/_scale_badge_params.py;src/iccFs/mF/convertRangeFiles/_harmonizeSemanticSizeVariantsFiles/_scaleBadgeParams.py
src/iccFs/mF/convert_rangeFiles/_harmonize_semantic_size_variantsFiles/_scale_badge_paramsFiles;src/iccFs/mF/convertRangeFiles/_harmonizeSemanticSizeVariantsFiles/_scaleBadgeParamsFiles
src/iccFs/mF/convert_rangeFiles/_harmonize_semantic_size_variantsFiles/_scale_badge_paramsFiles/_clip_scalar.py;src/iccFs/mF/convertRangeFiles/_harmonizeSemanticSizeVariantsFiles/_scaleBadgeParamsFiles/_clipScalar.py
src/iccFs/mF/convert_rangeFiles/_harmonize_semantic_size_variantsFiles/_scale_badge_paramsFiles/_needs_large_circle_overflow_guard.py;src/iccFs/mF/convertRangeFiles/_harmonizeSemanticSizeVariantsFiles/_scaleBadgeParamsFiles/_needsLargeCircleOverflowGuard.py
src/iccFs/mF/convert_rangeFiles/_harmonize_semantic_size_variantsFiles/calculate_error.py;src/iccFs/mF/convertRangeFiles/_harmonizeSemanticSizeVariantsFiles/calculateError.py
src/iccFs/mF/convert_rangeFiles/_harmonize_semantic_size_variantsFiles/generate_badge_svg.py;src/iccFs/mF/convertRangeFiles/_harmonizeSemanticSizeVariantsFiles/generateBadgeSvg.py
src/iccFs/mF/convert_rangeFiles/_harmonize_semantic_size_variantsFiles/render_svg_to_numpy.py;src/iccFs/mF/convertRangeFiles/_harmonizeSemanticSizeVariantsFiles/renderSvgToNumpy.py
src/iccFs/mF/convert_rangeFiles/_harmonize_semantic_size_variantsFiles/write.py;src/iccFs/mF/convertRangeFiles/_harmonizeSemanticSizeVariantsFiles/write.py
src/iccFs/mF/convert_rangeFiles/_in_requested_range.py;src/iccFs/mF/convertRangeFiles/_inRequestedRange.py
src/iccFs/mF/convert_rangeFiles/_in_requested_rangeFiles;src/iccFs/mF/convertRangeFiles/_inRequestedRangeFiles
src/iccFs/mF/convert_rangeFiles/_in_requested_rangeFiles/_extract_ref_parts.py;src/iccFs/mF/convertRangeFiles/_inRequestedRangeFiles/_extractRefParts.py
src/iccFs/mF/convert_rangeFiles/_in_requested_rangeFiles/_matches_exact_prefix_filter.py;src/iccFs/mF/convertRangeFiles/_inRequestedRangeFiles/_matchesExactPrefixFilter.py
src/iccFs/mF/convert_rangeFiles/_in_requested_rangeFiles/_matches_exact_prefix_filterFiles;src/iccFs/mF/convertRangeFiles/_inRequestedRangeFiles/_matchesExactPrefixFilterFiles
src/iccFs/mF/convert_rangeFiles/_in_requested_rangeFiles/_matches_exact_prefix_filterFiles/_normalize_range_token.py;src/iccFs/mF/convertRangeFiles/_inRequestedRangeFiles/_matchesExactPrefixFilterFiles/_normalizeRangeToken.py
src/iccFs/mF/convert_rangeFiles/_in_requested_rangeFiles/_matches_exact_prefix_filterFiles/_normalize_range_tokenFiles;src/iccFs/mF/convertRangeFiles/_inRequestedRangeFiles/_matchesExactPrefixFilterFiles/_normalizeRangeTokenFiles
src/iccFs/mF/convert_rangeFiles/_in_requested_rangeFiles/_matches_exact_prefix_filterFiles/_normalize_range_tokenFiles/get_base_name_from_file.py;src/iccFs/mF/convertRangeFiles/_inRequestedRangeFiles/_matchesExactPrefixFilterFiles/_normalizeRangeTokenFiles/getBaseNameFromFile.py
src/iccFs/mF/convert_rangeFiles/_in_requested_rangeFiles/_matches_exact_prefix_filterFiles/get_base_name_from_file.py;src/iccFs/mF/convertRangeFiles/_inRequestedRangeFiles/_matchesExactPrefixFilterFiles/getBaseNameFromFile.py
src/iccFs/mF/convert_rangeFiles/_in_requested_rangeFiles/_matches_partial_range_token.py;src/iccFs/mF/convertRangeFiles/_inRequestedRangeFiles/_matchesPartialRangeToken.py
src/iccFs/mF/convert_rangeFiles/_in_requested_rangeFiles/_matches_partial_range_tokenFiles;src/iccFs/mF/convertRangeFiles/_inRequestedRangeFiles/_matchesPartialRangeTokenFiles
src/iccFs/mF/convert_rangeFiles/_in_requested_rangeFiles/_matches_partial_range_tokenFiles/_normalize_range_token.py;src/iccFs/mF/convertRangeFiles/_inRequestedRangeFiles/_matchesPartialRangeTokenFiles/_normalizeRangeToken.py
src/iccFs/mF/convert_rangeFiles/_in_requested_rangeFiles/_matches_partial_range_tokenFiles/_normalize_range_tokenFiles;src/iccFs/mF/convertRangeFiles/_inRequestedRangeFiles/_matchesPartialRangeTokenFiles/_normalizeRangeTokenFiles
src/iccFs/mF/convert_rangeFiles/_in_requested_rangeFiles/_matches_partial_range_tokenFiles/_normalize_range_tokenFiles/get_base_name_from_file.py;src/iccFs/mF/convertRangeFiles/_inRequestedRangeFiles/_matchesPartialRangeTokenFiles/_normalizeRangeTokenFiles/getBaseNameFromFile.py
src/iccFs/mF/convert_rangeFiles/_in_requested_rangeFiles/_matches_partial_range_tokenFiles/_shared_partial_range_token.py;src/iccFs/mF/convertRangeFiles/_inRequestedRangeFiles/_matchesPartialRangeTokenFiles/_sharedPartialRangeToken.py
src/iccFs/mF/convert_rangeFiles/_in_requested_rangeFiles/_matches_partial_range_tokenFiles/_shared_partial_range_tokenFiles;src/iccFs/mF/convertRangeFiles/_inRequestedRangeFiles/_matchesPartialRangeTokenFiles/_sharedPartialRangeTokenFiles
src/iccFs/mF/convert_rangeFiles/_in_requested_rangeFiles/_matches_partial_range_tokenFiles/_shared_partial_range_tokenFiles/_compact_range_token.py;src/iccFs/mF/convertRangeFiles/_inRequestedRangeFiles/_matchesPartialRangeTokenFiles/_sharedPartialRangeTokenFiles/_compactRangeToken.py
src/iccFs/mF/convert_rangeFiles/_in_requested_rangeFiles/_matches_partial_range_tokenFiles/_shared_partial_range_tokenFiles/_compact_range_tokenFiles;src/iccFs/mF/convertRangeFiles/_inRequestedRangeFiles/_matchesPartialRangeTokenFiles/_sharedPartialRangeTokenFiles/_compactRangeTokenFiles
src/iccFs/mF/convert_rangeFiles/_in_requested_rangeFiles/_matches_partial_range_tokenFiles/_shared_partial_range_tokenFiles/_compact_range_tokenFiles/_normalize_range_token.py;src/iccFs/mF/convertRangeFiles/_inRequestedRangeFiles/_matchesPartialRangeTokenFiles/_sharedPartialRangeTokenFiles/_compactRangeTokenFiles/_normalizeRangeToken.py
src/iccFs/mF/convert_rangeFiles/_in_requested_rangeFiles/_matches_partial_range_tokenFiles/_shared_partial_range_tokenFiles/_compact_range_tokenFiles/_normalize_range_tokenFiles;src/iccFs/mF/convertRangeFiles/_inRequestedRangeFiles/_matchesPartialRangeTokenFiles/_sharedPartialRangeTokenFiles/_compactRangeTokenFiles/_normalizeRangeTokenFiles
src/iccFs/mF/convert_rangeFiles/_in_requested_rangeFiles/_matches_partial_range_tokenFiles/_shared_partial_range_tokenFiles/_compact_range_tokenFiles/_normalize_range_tokenFiles/get_base_name_from_file.py;src/iccFs/mF/convertRangeFiles/_inRequestedRangeFiles/_matchesPartialRangeTokenFiles/_sharedPartialRangeTokenFiles/_compactRangeTokenFiles/_normalizeRangeTokenFiles/getBaseNameFromFile.py
src/iccFs/mF/convert_rangeFiles/_in_requested_rangeFiles/_matches_partial_range_tokenFiles/_shared_partial_range_tokenFiles/_normalize_range_token.py;src/iccFs/mF/convertRangeFiles/_inRequestedRangeFiles/_matchesPartialRangeTokenFiles/_sharedPartialRangeTokenFiles/_normalizeRangeToken.py
src/iccFs/mF/convert_rangeFiles/_in_requested_rangeFiles/_matches_partial_range_tokenFiles/_shared_partial_range_tokenFiles/_normalize_range_tokenFiles;src/iccFs/mF/convertRangeFiles/_inRequestedRangeFiles/_matchesPartialRangeTokenFiles/_sharedPartialRangeTokenFiles/_normalizeRangeTokenFiles
src/iccFs/mF/convert_rangeFiles/_in_requested_rangeFiles/_matches_partial_range_tokenFiles/_shared_partial_range_tokenFiles/_normalize_range_tokenFiles/get_base_name_from_file.py;src/iccFs/mF/convertRangeFiles/_inRequestedRangeFiles/_matchesPartialRangeTokenFiles/_sharedPartialRangeTokenFiles/_normalizeRangeTokenFiles/getBaseNameFromFile.py
src/iccFs/mF/convert_rangeFiles/_in_requested_rangeFiles/_matches_partial_range_tokenFiles/get_base_name_from_file.py;src/iccFs/mF/convertRangeFiles/_inRequestedRangeFiles/_matchesPartialRangeTokenFiles/getBaseNameFromFile.py
src/iccFs/mF/convert_rangeFiles/_in_requested_rangeFiles/get_base_name_from_file.py;src/iccFs/mF/convertRangeFiles/_inRequestedRangeFiles/getBaseNameFromFile.py
src/iccFs/mF/convert_rangeFiles/_iteration_strategy_for_pass.py;src/iccFs/mF/convertRangeFiles/_iterationStrategyForPass.py
src/iccFs/mF/convert_rangeFiles/_load_existing_conversion_rows.py;src/iccFs/mF/convertRangeFiles/_loadExistingConversionRows.py
src/iccFs/mF/convert_rangeFiles/_load_existing_conversion_rowsFiles;src/iccFs/mF/convertRangeFiles/_loadExistingConversionRowsFiles
src/iccFs/mF/convert_rangeFiles/_load_existing_conversion_rowsFiles/_converted_svg_output_dir.py;src/iccFs/mF/convertRangeFiles/_loadExistingConversionRowsFiles/_convertedSvgOutputDir.py
src/iccFs/mF/convert_rangeFiles/_load_existing_conversion_rowsFiles/_is_semantic_template_variant.py;src/iccFs/mF/convertRangeFiles/_loadExistingConversionRowsFiles/_isSemanticTemplateVariant.py
src/iccFs/mF/convert_rangeFiles/_load_existing_conversion_rowsFiles/_is_semantic_template_variantFiles;src/iccFs/mF/convertRangeFiles/_loadExistingConversionRowsFiles/_isSemanticTemplateVariantFiles
src/iccFs/mF/convert_rangeFiles/_load_existing_conversion_rowsFiles/_is_semantic_template_variantFiles/get_base_name_from_file.py;src/iccFs/mF/convertRangeFiles/_loadExistingConversionRowsFiles/_isSemanticTemplateVariantFiles/getBaseNameFromFile.py
src/iccFs/mF/convert_rangeFiles/_load_existing_conversion_rowsFiles/_read_svg_geometry.py;src/iccFs/mF/convertRangeFiles/_loadExistingConversionRowsFiles/_readSvgGeometry.py
src/iccFs/mF/convert_rangeFiles/_load_existing_conversion_rowsFiles/_read_svg_geometryFiles;src/iccFs/mF/convertRangeFiles/_loadExistingConversionRowsFiles/_readSvgGeometryFiles
src/iccFs/mF/convert_rangeFiles/_load_existing_conversion_rowsFiles/_read_svg_geometryFiles/_gray_from_hex.py;src/iccFs/mF/convertRangeFiles/_loadExistingConversionRowsFiles/_readSvgGeometryFiles/_grayFromHex.py
src/iccFs/mF/convert_rangeFiles/_load_existing_conversion_rowsFiles/_reports_output_dir.py;src/iccFs/mF/convertRangeFiles/_loadExistingConversionRowsFiles/_reportsOutputDir.py
src/iccFs/mF/convert_rangeFiles/_load_existing_conversion_rowsFiles/_sniff_raster_size.py;src/iccFs/mF/convertRangeFiles/_loadExistingConversionRowsFiles/_sniffRasterSize.py
src/iccFs/mF/convert_rangeFiles/_load_existing_conversion_rowsFiles/get_base_name_from_file.py;src/iccFs/mF/convertRangeFiles/_loadExistingConversionRowsFiles/getBaseNameFromFile.py
src/iccFs/mF/convert_rangeFiles/_load_quality_config.py;src/iccFs/mF/convertRangeFiles/_loadQualityConfig.py
src/iccFs/mF/convert_rangeFiles/_load_quality_configFiles;src/iccFs/mF/convertRangeFiles/_loadQualityConfigFiles
src/iccFs/mF/convert_rangeFiles/_load_quality_configFiles/_quality_config_path.py;src/iccFs/mF/convertRangeFiles/_loadQualityConfigFiles/_qualityConfigPath.py
src/iccFs/mF/convert_rangeFiles/_render_embedded_raster_svg.py;src/iccFs/mF/convertRangeFiles/_renderEmbeddedRasterSvg.py
src/iccFs/mF/convert_rangeFiles/_render_embedded_raster_svgFiles;src/iccFs/mF/convertRangeFiles/_renderEmbeddedRasterSvgFiles
src/iccFs/mF/convert_rangeFiles/_render_embedded_raster_svgFiles/_sniff_raster_size.py;src/iccFs/mF/convertRangeFiles/_renderEmbeddedRasterSvgFiles/_sniffRasterSize.py
src/iccFs/mF/convert_rangeFiles/_render_embedded_raster_svgFiles/_svg_href_mime_type.py;src/iccFs/mF/convertRangeFiles/_renderEmbeddedRasterSvgFiles/_svgHrefMimeType.py
src/iccFs/mF/convert_rangeFiles/_reports_output_dir.py;src/iccFs/mF/convertRangeFiles/_reportsOutputDir.py
src/iccFs/mF/convert_rangeFiles/_select_middle_lower_tercile.py;src/iccFs/mF/convertRangeFiles/_selectMiddleLowerTercile.py
src/iccFs/mF/convert_rangeFiles/_select_open_quality_cases.py;src/iccFs/mF/convertRangeFiles/_selectOpenQualityCases.py
src/iccFs/mF/convert_rangeFiles/_try_template_transfer.py;src/iccFs/mF/convertRangeFiles/_tryTemplateTransfer.py
src/iccFs/mF/convert_rangeFiles/_try_template_transferFiles;src/iccFs/mF/convertRangeFiles/_tryTemplateTransferFiles
src/iccFs/mF/convert_rangeFiles/_try_template_transferFiles/_build_transformed_svg_from_template.py;src/iccFs/mF/convertRangeFiles/_tryTemplateTransferFiles/_buildTransformedSvgFromTemplate.py
src/iccFs/mF/convert_rangeFiles/_try_template_transferFiles/_build_transformed_svg_from_templateFiles;src/iccFs/mF/convertRangeFiles/_tryTemplateTransferFiles/_buildTransformedSvgFromTemplateFiles
src/iccFs/mF/convert_rangeFiles/_try_template_transferFiles/_build_transformed_svg_from_templateFiles/_extract_svg_inner.py;src/iccFs/mF/convertRangeFiles/_tryTemplateTransferFiles/_buildTransformedSvgFromTemplateFiles/_extractSvgInner.py
src/iccFs/mF/convert_rangeFiles/_try_template_transferFiles/_estimate_template_transfer_scale.py;src/iccFs/mF/convertRangeFiles/_tryTemplateTransferFiles/_estimateTemplateTransferScale.py
src/iccFs/mF/convert_rangeFiles/_try_template_transferFiles/_estimate_template_transfer_scaleFiles;src/iccFs/mF/convertRangeFiles/_tryTemplateTransferFiles/_estimateTemplateTransferScaleFiles
src/iccFs/mF/convert_rangeFiles/_try_template_transferFiles/_estimate_template_transfer_scaleFiles/_build_transformed_svg_from_template.py;src/iccFs/mF/convertRangeFiles/_tryTemplateTransferFiles/_estimateTemplateTransferScaleFiles/_buildTransformedSvgFromTemplate.py
src/iccFs/mF/convert_rangeFiles/_try_template_transferFiles/_estimate_template_transfer_scaleFiles/_build_transformed_svg_from_templateFiles;src/iccFs/mF/convertRangeFiles/_tryTemplateTransferFiles/_estimateTemplateTransferScaleFiles/_buildTransformedSvgFromTemplateFiles
src/iccFs/mF/convert_rangeFiles/_try_template_transferFiles/_estimate_template_transfer_scaleFiles/_build_transformed_svg_from_templateFiles/_extract_svg_inner.py;src/iccFs/mF/convertRangeFiles/_tryTemplateTransferFiles/_estimateTemplateTransferScaleFiles/_buildTransformedSvgFromTemplateFiles/_extractSvgInner.py
src/iccFs/mF/convert_rangeFiles/_try_template_transferFiles/_estimate_template_transfer_scaleFiles/_foreground_mask.py;src/iccFs/mF/convertRangeFiles/_tryTemplateTransferFiles/_estimateTemplateTransferScaleFiles/_foregroundMask.py
src/iccFs/mF/convert_rangeFiles/_try_template_transferFiles/_estimate_template_transfer_scaleFiles/_mask_bbox.py;src/iccFs/mF/convertRangeFiles/_tryTemplateTransferFiles/_estimateTemplateTransferScaleFiles/_maskBbox.py
src/iccFs/mF/convert_rangeFiles/_try_template_transferFiles/_estimate_template_transfer_scaleFiles/render_svg_to_numpy.py;src/iccFs/mF/convertRangeFiles/_tryTemplateTransferFiles/_estimateTemplateTransferScaleFiles/renderSvgToNumpy.py
src/iccFs/mF/convert_rangeFiles/_try_template_transferFiles/_rank_template_transfer_donors.py;src/iccFs/mF/convertRangeFiles/_tryTemplateTransferFiles/_rankTemplateTransferDonors.py
src/iccFs/mF/convert_rangeFiles/_try_template_transferFiles/_rank_template_transfer_donorsFiles;src/iccFs/mF/convertRangeFiles/_tryTemplateTransferFiles/_rankTemplateTransferDonorsFiles
src/iccFs/mF/convert_rangeFiles/_try_template_transferFiles/_rank_template_transfer_donorsFiles/_max_signature_delta.py;src/iccFs/mF/convertRangeFiles/_tryTemplateTransferFiles/_rankTemplateTransferDonorsFiles/_maxSignatureDelta.py
src/iccFs/mF/convert_rangeFiles/_try_template_transferFiles/_rank_template_transfer_donorsFiles/_normalized_geometry_signature.py;src/iccFs/mF/convertRangeFiles/_tryTemplateTransferFiles/_rankTemplateTransferDonorsFiles/_normalizedGeometrySignature.py
src/iccFs/mF/convert_rangeFiles/_try_template_transferFiles/_read_svg_geometry.py;src/iccFs/mF/convertRangeFiles/_tryTemplateTransferFiles/_readSvgGeometry.py
src/iccFs/mF/convert_rangeFiles/_try_template_transferFiles/_read_svg_geometryFiles;src/iccFs/mF/convertRangeFiles/_tryTemplateTransferFiles/_readSvgGeometryFiles
src/iccFs/mF/convert_rangeFiles/_try_template_transferFiles/_read_svg_geometryFiles/_gray_from_hex.py;src/iccFs/mF/convertRangeFiles/_tryTemplateTransferFiles/_readSvgGeometryFiles/_grayFromHex.py
src/iccFs/mF/convert_rangeFiles/_try_template_transferFiles/_semantic_transfer_badge_params.py;src/iccFs/mF/convertRangeFiles/_tryTemplateTransferFiles/_semanticTransferBadgeParams.py
src/iccFs/mF/convert_rangeFiles/_try_template_transferFiles/_semantic_transfer_badge_paramsFiles;src/iccFs/mF/convertRangeFiles/_tryTemplateTransferFiles/_semanticTransferBadgeParamsFiles
src/iccFs/mF/convert_rangeFiles/_try_template_transferFiles/_semantic_transfer_badge_paramsFiles/_clip_scalar.py;src/iccFs/mF/convertRangeFiles/_tryTemplateTransferFiles/_semanticTransferBadgeParamsFiles/_clipScalar.py
src/iccFs/mF/convert_rangeFiles/_try_template_transferFiles/_semantic_transfer_badge_paramsFiles/_finalize_ac08_style.py;src/iccFs/mF/convertRangeFiles/_tryTemplateTransferFiles/_semanticTransferBadgeParamsFiles/_finalizeAc08Style.py
src/iccFs/mF/convert_rangeFiles/_try_template_transferFiles/_semantic_transfer_badge_paramsFiles/_rot_scale_point.py;src/iccFs/mF/convertRangeFiles/_tryTemplateTransferFiles/_semanticTransferBadgeParamsFiles/_rotScalePoint.py
src/iccFs/mF/convert_rangeFiles/_try_template_transferFiles/_semantic_transfer_is_compatible.py;src/iccFs/mF/convertRangeFiles/_tryTemplateTransferFiles/_semanticTransferIsCompatible.py
src/iccFs/mF/convert_rangeFiles/_try_template_transferFiles/_semantic_transfer_is_compatibleFiles;src/iccFs/mF/convertRangeFiles/_tryTemplateTransferFiles/_semanticTransferIsCompatibleFiles
src/iccFs/mF/convert_rangeFiles/_try_template_transferFiles/_semantic_transfer_is_compatibleFiles/_connector_arm_direction.py;src/iccFs/mF/convertRangeFiles/_tryTemplateTransferFiles/_semanticTransferIsCompatibleFiles/_connectorArmDirection.py
src/iccFs/mF/convert_rangeFiles/_try_template_transferFiles/_semantic_transfer_is_compatibleFiles/_connector_stem_direction.py;src/iccFs/mF/convertRangeFiles/_tryTemplateTransferFiles/_semanticTransferIsCompatibleFiles/_connectorStemDirection.py
src/iccFs/mF/convert_rangeFiles/_try_template_transferFiles/_semantic_transfer_rotations.py;src/iccFs/mF/convertRangeFiles/_tryTemplateTransferFiles/_semanticTransferRotations.py
src/iccFs/mF/convert_rangeFiles/_try_template_transferFiles/_semantic_transfer_scale_candidates.py;src/iccFs/mF/convertRangeFiles/_tryTemplateTransferFiles/_semanticTransferScaleCandidates.py
src/iccFs/mF/convert_rangeFiles/_try_template_transferFiles/_semantic_transfer_scale_candidatesFiles;src/iccFs/mF/convertRangeFiles/_tryTemplateTransferFiles/_semanticTransferScaleCandidatesFiles
src/iccFs/mF/convert_rangeFiles/_try_template_transferFiles/_semantic_transfer_scale_candidatesFiles/_template_transfer_scale_candidates.py;src/iccFs/mF/convertRangeFiles/_tryTemplateTransferFiles/_semanticTransferScaleCandidatesFiles/_templateTransferScaleCandidates.py
src/iccFs/mF/convert_rangeFiles/_try_template_transferFiles/_template_transfer_donor_family_compatible.py;src/iccFs/mF/convertRangeFiles/_tryTemplateTransferFiles/_templateTransferDonorFamilyCompatible.py
src/iccFs/mF/convert_rangeFiles/_try_template_transferFiles/_template_transfer_donor_family_compatibleFiles;src/iccFs/mF/convertRangeFiles/_tryTemplateTransferFiles/_templateTransferDonorFamilyCompatibleFiles
src/iccFs/mF/convert_rangeFiles/_try_template_transferFiles/_template_transfer_donor_family_compatibleFiles/_extract_symbol_family.py;src/iccFs/mF/convertRangeFiles/_tryTemplateTransferFiles/_templateTransferDonorFamilyCompatibleFiles/_extractSymbolFamily.py
src/iccFs/mF/convert_rangeFiles/_try_template_transferFiles/_template_transfer_transform_candidates.py;src/iccFs/mF/convertRangeFiles/_tryTemplateTransferFiles/_templateTransferTransformCandidates.py
src/iccFs/mF/convert_rangeFiles/_try_template_transferFiles/_template_transfer_transform_candidatesFiles;src/iccFs/mF/convertRangeFiles/_tryTemplateTransferFiles/_templateTransferTransformCandidatesFiles
src/iccFs/mF/convert_rangeFiles/_try_template_transferFiles/_template_transfer_transform_candidatesFiles/_template_transfer_scale_candidates.py;src/iccFs/mF/convertRangeFiles/_tryTemplateTransferFiles/_templateTransferTransformCandidatesFiles/_templateTransferScaleCandidates.py
src/iccFs/mF/convert_rangeFiles/_try_template_transferFiles/calculate_delta2_stats.py;src/iccFs/mF/convertRangeFiles/_tryTemplateTransferFiles/calculateDelta2Stats.py
src/iccFs/mF/convert_rangeFiles/_try_template_transferFiles/calculate_error.py;src/iccFs/mF/convertRangeFiles/_tryTemplateTransferFiles/calculateError.py
src/iccFs/mF/convert_rangeFiles/_try_template_transferFiles/create_diff_image.py;src/iccFs/mF/convertRangeFiles/_tryTemplateTransferFiles/createDiffImage.py
src/iccFs/mF/convert_rangeFiles/_try_template_transferFiles/generate_badge_svg.py;src/iccFs/mF/convertRangeFiles/_tryTemplateTransferFiles/generateBadgeSvg.py
src/iccFs/mF/convert_rangeFiles/_try_template_transferFiles/render_svg_to_numpy.py;src/iccFs/mF/convertRangeFiles/_tryTemplateTransferFiles/renderSvgToNumpy.py
src/iccFs/mF/convert_rangeFiles/_try_template_transferFiles/write.py;src/iccFs/mF/convertRangeFiles/_tryTemplateTransferFiles/write.py
src/iccFs/mF/convert_rangeFiles/_write_ac08_regression_manifest.py;src/iccFs/mF/convertRangeFiles/_writeAc08RegressionManifest.py
src/iccFs/mF/convert_rangeFiles/_write_ac08_regression_manifestFiles;src/iccFs/mF/convertRangeFiles/_writeAc08RegressionManifestFiles
src/iccFs/mF/convert_rangeFiles/_write_ac08_regression_manifestFiles/write.py;src/iccFs/mF/convertRangeFiles/_writeAc08RegressionManifestFiles/write.py
src/iccFs/mF/convert_rangeFiles/_write_ac08_success_criteria_report.py;src/iccFs/mF/convertRangeFiles/_writeAc08SuccessCriteriaReport.py
src/iccFs/mF/convert_rangeFiles/_write_ac08_success_criteria_reportFiles;src/iccFs/mF/convertRangeFiles/_writeAc08SuccessCriteriaReportFiles
src/iccFs/mF/convert_rangeFiles/_write_ac08_success_criteria_reportFiles/_summarize_previous_good_ac08_variants.py;src/iccFs/mF/convertRangeFiles/_writeAc08SuccessCriteriaReportFiles/_summarizePreviousGoodAc08Variants.py
src/iccFs/mF/convert_rangeFiles/_write_ac08_success_criteria_reportFiles/write.py;src/iccFs/mF/convertRangeFiles/_writeAc08SuccessCriteriaReportFiles/write.py
src/iccFs/mF/convert_rangeFiles/_write_ac08_weak_family_status_report.py;src/iccFs/mF/convertRangeFiles/_writeAc08WeakFamilyStatusReport.py
src/iccFs/mF/convert_rangeFiles/_write_ac08_weak_family_status_reportFiles;src/iccFs/mF/convertRangeFiles/_writeAc08WeakFamilyStatusReportFiles
src/iccFs/mF/convert_rangeFiles/_write_ac08_weak_family_status_reportFiles/write.py;src/iccFs/mF/convertRangeFiles/_writeAc08WeakFamilyStatusReportFiles/write.py
src/iccFs/mF/convert_rangeFiles/_write_batch_failure_summary.py;src/iccFs/mF/convertRangeFiles/_writeBatchFailureSummary.py
src/iccFs/mF/convert_rangeFiles/_write_pixel_delta2_ranking.py;src/iccFs/mF/convertRangeFiles/_writePixelDelta2Ranking.py
src/iccFs/mF/convert_rangeFiles/_write_pixel_delta2_rankingFiles;src/iccFs/mF/convertRangeFiles/_writePixelDelta2RankingFiles
src/iccFs/mF/convert_rangeFiles/_write_pixel_delta2_rankingFiles/calculate_delta2_stats.py;src/iccFs/mF/convertRangeFiles/_writePixelDelta2RankingFiles/calculateDelta2Stats.py
src/iccFs/mF/convert_rangeFiles/_write_pixel_delta2_rankingFiles/render_svg_to_numpy.py;src/iccFs/mF/convertRangeFiles/_writePixelDelta2RankingFiles/renderSvgToNumpy.py
src/iccFs/mF/convert_rangeFiles/_write_pixel_delta2_rankingFiles/write.py;src/iccFs/mF/convertRangeFiles/_writePixelDelta2RankingFiles/write.py
src/iccFs/mF/convert_rangeFiles/_write_quality_config.py;src/iccFs/mF/convertRangeFiles/_writeQualityConfig.py
src/iccFs/mF/convert_rangeFiles/_write_quality_configFiles;src/iccFs/mF/convertRangeFiles/_writeQualityConfigFiles
src/iccFs/mF/convert_rangeFiles/_write_quality_configFiles/_quality_config_path.py;src/iccFs/mF/convertRangeFiles/_writeQualityConfigFiles/_qualityConfigPath.py
src/iccFs/mF/convert_rangeFiles/_write_quality_configFiles/write.py;src/iccFs/mF/convertRangeFiles/_writeQualityConfigFiles/write.py
src/iccFs/mF/convert_rangeFiles/_write_quality_pass_report.py;src/iccFs/mF/convertRangeFiles/_writeQualityPassReport.py
src/iccFs/mF/convert_rangeFiles/_write_semantic_audit_report.py;src/iccFs/mF/convertRangeFiles/_writeSemanticAuditReport.py
src/iccFs/mF/convert_rangeFiles/update_successful_conversions_manifest_with_metrics.py;src/iccFs/mF/convertRangeFiles/updateSuccessfulConversionsManifestWithMetrics.py
src/iccFs/mF/convert_rangeFiles/update_successful_conversions_manifest_with_metricsFiles;src/iccFs/mF/convertRangeFiles/updateSuccessfulConversionsManifestWithMetricsFiles
src/iccFs/mF/convert_rangeFiles/update_successful_conversions_manifest_with_metricsFiles/_format_successful_conversion_manifest_line.py;src/iccFs/mF/convertRangeFiles/updateSuccessfulConversionsManifestWithMetricsFiles/_formatSuccessfulConversionManifestLine.py
src/iccFs/mF/convert_rangeFiles/update_successful_conversions_manifest_with_metricsFiles/_format_successful_conversion_manifest_lineFiles;src/iccFs/mF/convertRangeFiles/updateSuccessfulConversionsManifestWithMetricsFiles/_formatSuccessfulConversionManifestLineFiles
src/iccFs/mF/convert_rangeFiles/update_successful_conversions_manifest_with_metricsFiles/_format_successful_conversion_manifest_lineFiles/_successful_conversion_metrics_available.py;src/iccFs/mF/convertRangeFiles/updateSuccessfulConversionsManifestWithMetricsFiles/_formatSuccessfulConversionManifestLineFiles/_successfulConversionMetricsAvailable.py
src/iccFs/mF/convert_rangeFiles/update_successful_conversions_manifest_with_metricsFiles/_is_successful_conversion_candidate_better.py;src/iccFs/mF/convertRangeFiles/updateSuccessfulConversionsManifestWithMetricsFiles/_isSuccessfulConversionCandidateBetter.py
src/iccFs/mF/convert_rangeFiles/update_successful_conversions_manifest_with_metricsFiles/_is_successful_conversion_candidate_betterFiles;src/iccFs/mF/convertRangeFiles/updateSuccessfulConversionsManifestWithMetricsFiles/_isSuccessfulConversionCandidateBetterFiles
src/iccFs/mF/convert_rangeFiles/update_successful_conversions_manifest_with_metricsFiles/_is_successful_conversion_candidate_betterFiles/_evaluate_quality_pass_candidate.py;src/iccFs/mF/convertRangeFiles/updateSuccessfulConversionsManifestWithMetricsFiles/_isSuccessfulConversionCandidateBetterFiles/_evaluateQualityPassCandidate.py
src/iccFs/mF/convert_rangeFiles/update_successful_conversions_manifest_with_metricsFiles/_is_successful_conversion_candidate_betterFiles/_successful_conversion_metrics_available.py;src/iccFs/mF/convertRangeFiles/updateSuccessfulConversionsManifestWithMetricsFiles/_isSuccessfulConversionCandidateBetterFiles/_successfulConversionMetricsAvailable.py
src/iccFs/mF/convert_rangeFiles/update_successful_conversions_manifest_with_metricsFiles/_latest_failed_conversion_manifest_entry.py;src/iccFs/mF/convertRangeFiles/updateSuccessfulConversionsManifestWithMetricsFiles/_latestFailedConversionManifestEntry.py
src/iccFs/mF/convert_rangeFiles/update_successful_conversions_manifest_with_metricsFiles/_merge_successful_conversion_metrics.py;src/iccFs/mF/convertRangeFiles/updateSuccessfulConversionsManifestWithMetricsFiles/_mergeSuccessfulConversionMetrics.py
src/iccFs/mF/convert_rangeFiles/update_successful_conversions_manifest_with_metricsFiles/_read_successful_conversion_manifest_metrics.py;src/iccFs/mF/convertRangeFiles/updateSuccessfulConversionsManifestWithMetricsFiles/_readSuccessfulConversionManifestMetrics.py
src/iccFs/mF/convert_rangeFiles/update_successful_conversions_manifest_with_metricsFiles/_read_successful_conversion_manifest_metricsFiles;src/iccFs/mF/convertRangeFiles/updateSuccessfulConversionsManifestWithMetricsFiles/_readSuccessfulConversionManifestMetricsFiles
src/iccFs/mF/convert_rangeFiles/update_successful_conversions_manifest_with_metricsFiles/_read_successful_conversion_manifest_metricsFiles/_parse_successful_conversion_manifest_line.py;src/iccFs/mF/convertRangeFiles/updateSuccessfulConversionsManifestWithMetricsFiles/_readSuccessfulConversionManifestMetricsFiles/_parseSuccessfulConversionManifestLine.py
src/iccFs/mF/convert_rangeFiles/update_successful_conversions_manifest_with_metricsFiles/_restore_successful_conversion_snapshot.py;src/iccFs/mF/convertRangeFiles/updateSuccessfulConversionsManifestWithMetricsFiles/_restoreSuccessfulConversionSnapshot.py
src/iccFs/mF/convert_rangeFiles/update_successful_conversions_manifest_with_metricsFiles/_restore_successful_conversion_snapshotFiles;src/iccFs/mF/convertRangeFiles/updateSuccessfulConversionsManifestWithMetricsFiles/_restoreSuccessfulConversionSnapshotFiles
src/iccFs/mF/convert_rangeFiles/update_successful_conversions_manifest_with_metricsFiles/_restore_successful_conversion_snapshotFiles/_successful_conversion_snapshot_paths.py;src/iccFs/mF/convertRangeFiles/updateSuccessfulConversionsManifestWithMetricsFiles/_restoreSuccessfulConversionSnapshotFiles/_successfulConversionSnapshotPaths.py
src/iccFs/mF/convert_rangeFiles/update_successful_conversions_manifest_with_metricsFiles/_restore_successful_conversion_snapshotFiles/_successful_conversion_snapshot_pathsFiles;src/iccFs/mF/convertRangeFiles/updateSuccessfulConversionsManifestWithMetricsFiles/_restoreSuccessfulConversionSnapshotFiles/_successfulConversionSnapshotPathsFiles
src/iccFs/mF/convert_rangeFiles/update_successful_conversions_manifest_with_metricsFiles/_restore_successful_conversion_snapshotFiles/_successful_conversion_snapshot_pathsFiles/_successful_conversion_snapshot_dir.py;src/iccFs/mF/convertRangeFiles/updateSuccessfulConversionsManifestWithMetricsFiles/_restoreSuccessfulConversionSnapshotFiles/_successfulConversionSnapshotPathsFiles/_successfulConversionSnapshotDir.py
src/iccFs/mF/convert_rangeFiles/update_successful_conversions_manifest_with_metricsFiles/_sorted_successful_conversion_metrics_rows.py;src/iccFs/mF/convertRangeFiles/updateSuccessfulConversionsManifestWithMetricsFiles/_sortedSuccessfulConversionMetricsRows.py
src/iccFs/mF/convert_rangeFiles/update_successful_conversions_manifest_with_metricsFiles/_store_successful_conversion_snapshot.py;src/iccFs/mF/convertRangeFiles/updateSuccessfulConversionsManifestWithMetricsFiles/_storeSuccessfulConversionSnapshot.py
src/iccFs/mF/convert_rangeFiles/update_successful_conversions_manifest_with_metricsFiles/_store_successful_conversion_snapshotFiles;src/iccFs/mF/convertRangeFiles/updateSuccessfulConversionsManifestWithMetricsFiles/_storeSuccessfulConversionSnapshotFiles
src/iccFs/mF/convert_rangeFiles/update_successful_conversions_manifest_with_metricsFiles/_store_successful_conversion_snapshotFiles/_successful_conversion_snapshot_paths.py;src/iccFs/mF/convertRangeFiles/updateSuccessfulConversionsManifestWithMetricsFiles/_storeSuccessfulConversionSnapshotFiles/_successfulConversionSnapshotPaths.py
src/iccFs/mF/convert_rangeFiles/update_successful_conversions_manifest_with_metricsFiles/_store_successful_conversion_snapshotFiles/_successful_conversion_snapshot_pathsFiles;src/iccFs/mF/convertRangeFiles/updateSuccessfulConversionsManifestWithMetricsFiles/_storeSuccessfulConversionSnapshotFiles/_successfulConversionSnapshotPathsFiles
src/iccFs/mF/convert_rangeFiles/update_successful_conversions_manifest_with_metricsFiles/_store_successful_conversion_snapshotFiles/_successful_conversion_snapshot_pathsFiles/_successful_conversion_snapshot_dir.py;src/iccFs/mF/convertRangeFiles/updateSuccessfulConversionsManifestWithMetricsFiles/_storeSuccessfulConversionSnapshotFiles/_successfulConversionSnapshotPathsFiles/_successfulConversionSnapshotDir.py
src/iccFs/mF/convert_rangeFiles/update_successful_conversions_manifest_with_metricsFiles/collect_successful_conversion_quality_metrics.py;src/iccFs/mF/convertRangeFiles/updateSuccessfulConversionsManifestWithMetricsFiles/collectSuccessfulConversionQualityMetrics.py
src/iccFs/mF/convert_rangeFiles/update_successful_conversions_manifest_with_metricsFiles/collect_successful_conversion_quality_metricsFiles;src/iccFs/mF/convertRangeFiles/updateSuccessfulConversionsManifestWithMetricsFiles/collectSuccessfulConversionQualityMetricsFiles
src/iccFs/mF/convert_rangeFiles/update_successful_conversions_manifest_with_metricsFiles/collect_successful_conversion_quality_metricsFiles/_find_image_path_by_variant.py;src/iccFs/mF/convertRangeFiles/updateSuccessfulConversionsManifestWithMetricsFiles/collectSuccessfulConversionQualityMetricsFiles/_findImagePathByVariant.py
src/iccFs/mF/convert_rangeFiles/update_successful_conversions_manifest_with_metricsFiles/collect_successful_conversion_quality_metricsFiles/_load_iteration_log_rows.py;src/iccFs/mF/convertRangeFiles/updateSuccessfulConversionsManifestWithMetricsFiles/collectSuccessfulConversionQualityMetricsFiles/_loadIterationLogRows.py
src/iccFs/mF/convert_rangeFiles/update_successful_conversions_manifest_with_metricsFiles/collect_successful_conversion_quality_metricsFiles/_read_validation_log_details.py;src/iccFs/mF/convertRangeFiles/updateSuccessfulConversionsManifestWithMetricsFiles/collectSuccessfulConversionQualityMetricsFiles/_readValidationLogDetails.py
src/iccFs/mF/convert_rangeFiles/update_successful_conversions_manifest_with_metricsFiles/collect_successful_conversion_quality_metricsFiles/render_svg_to_numpy.py;src/iccFs/mF/convertRangeFiles/updateSuccessfulConversionsManifestWithMetricsFiles/collectSuccessfulConversionQualityMetricsFiles/renderSvgToNumpy.py
src/iccFs/mF/convert_rangeFiles/write.py;src/iccFs/mF/convertRangeFiles/write.py
src/iccFs/mF/export_module_call_tree_csv.py;src/iccFs/mF/exportModuleCallTreeCsv.py
src/iccFs/mF/export_module_call_tree_csvFiles;src/iccFs/mF/exportModuleCallTreeCsvFiles
src/iccFs/mF/export_module_call_tree_csvFiles/_module_call_edges_for_path.py;src/iccFs/mF/exportModuleCallTreeCsvFiles/_moduleCallEdgesForPath.py
src/iccFs/mF/export_module_call_tree_csvFiles/walk.py;src/iccFs/mF/exportModuleCallTreeCsvFiles/walk.py
src/iccFs/mF/imageCompositeConverterCore.py;src/iccFs/mF/imageCompositeConverterCore.py
src/iccFs/mF/image_composite_converter_core.py;src/iccFs/mF/image_composite_converter_core.py
src/iccFs/mF/parse_args.py;src/iccFs/mF/parseArgs.py
src/iccFs/main.py;src/iccFs/main.py
src/iccFs/optional_dependency_base_dir.py;src/iccFs/optionalDependencyBaseDir.py
src/iccFs/syncCoreOverrides.py;src/iccFs/syncCoreOverrides.py
src/iccFs/sync_core_overrides.py;src/iccFs/sync_core_overrides.py
src/iccFs/vendored_site_packages_dirs.py;src/iccFs/vendoredSitePackagesDirs.py
src/imageCompositeConverter.py;src/imageCompositeConverter.py
src/imageCompositeConverterRegions.py;src/imageCompositeConverterRegions.py
src/overviewTiles.py;src/overviewTiles.py
src/overview_tiles.py;src/overviewTiles.py
src/successfulConversions.py;src/successfulConversions.py
src/successful_conversions.py;src/successfulConversions.py
